activity_date,user_id,product_group,n_purchases,gold_spend
2023-12-30,3256,Weapon,6,180
2024-02-10,10920,Boosts,1,196
2023-04-15,10730,Boosts,1,8217
2024-03-06,1962,Energy,1,100
2024-03-25,6153,Weapon,1,500
2023-11-11,10505,Weapon,5,1925
2023-05-26,6930,Energy,2,1400
2024-01-11,5160,Weapon,1,5
2024-01-05,4661,Weapon,4,15
2023-10-30,3042,Weapon,4,20
2024-01-25,6657,Weapon,3,45
2024-03-29,6930,Energy,3,2100
2024-01-12,7632,Weapon,1,282
2023-06-13,8777,Weapon,2,180
2023-11-22,3174,Boosts,1,49
2023-12-06,1511,Weapon,8,70
2024-01-15,11135,Weapon,4,35
2024-01-31,5525,Weapon,2,2
2023-07-22,6930,Boosts,2,5936
2024-01-16,6339,Energy,1,700
2023-12-26,13162,Weapon,5,25
2024-01-04,7166,Weapon,2,19
2024-01-04,3391,Energy,1,100
2024-01-19,3345,Boosts,1,49
2024-01-19,12149,Weapon,2,1710
2024-01-29,3543,Gear,1,20
2024-01-22,2928,Weapon,2,170
2024-01-22,2986,Weapon,3,148
2024-01-22,4020,Weapon,1,10
2024-01-26,1176,Weapon,3,28
2024-01-26,6224,Weapon,7,24
2024-02-14,98,Weapon,2,210
2023-11-10,13223,Weapon,1,22
2024-01-27,13058,Boosts,1,20
2024-01-30,8779,Weapon,3,25
2023-12-25,10063,Weapon,1,615
2024-01-06,5136,Weapon,1,2
2024-02-03,1962,Energy,1,100
2024-03-23,9692,Boosts,1,1323
2023-11-17,6930,Boosts,3,7329
2024-01-02,8652,Weapon,3,615
2024-01-07,3050,Weapon,6,56
2024-03-02,14313,Boosts,5,5918
2023-10-13,263,Weapon,3,15
2023-05-22,11016,Gear,1,2
2023-10-05,6551,Weapon,2,209
2024-01-05,681,Weapon,3,38
2024-01-05,1573,Weapon,3,5625
2024-01-05,8652,Weapon,1,328
2024-01-25,10193,Weapon,4,60
2024-01-25,14056,Energy,1,6300
2024-03-08,9739,Gear,1,76560
2024-02-08,200,Boosts,2,474
2023-12-15,2934,Energy,1,300
2024-01-12,6359,Boosts,1,49
2024-02-02,8779,Weapon,1,6
2023-12-12,19697,Energy,2,600
2024-01-09,9929,Energy,1,200
2023-07-27,6930,Boosts,1,3143
2024-01-17,5388,Weapon,3,208
2023-12-29,5854,Weapon,1,25
2024-02-16,11439,Weapon,5,11384
2023-11-25,10505,Energy,1,3500
2024-01-16,14584,Weapon,1,65
2024-03-15,10814,Boosts,1,1386
2024-01-04,7295,Weapon,1,546
2024-01-13,11847,Weapon,1,8
2024-02-05,17681,Weapon,1,72
2024-01-22,14056,Energy,1,6300
2024-01-27,2499,Weapon,1,16
2024-01-06,7081,Weapon,5,225
2024-01-06,8192,Weapon,4,48
2024-01-01,3132,Weapon,2,220
2024-01-01,3773,Weapon,3,15
2024-02-20,13435,Energy,1,100
2024-02-17,9970,Boosts,2,3990
2024-04-03,3413,Weapon,3,12
2024-04-12,158,Energy,2,5000
2023-09-05,1340,Weapon,1,2
2024-01-28,161,Weapon,1,6
2023-08-14,6930,Energy,7,4900
2024-01-07,8192,Gear,2,6
2024-01-14,7480,Weapon,5,888
2024-01-14,8767,Weapon,1,60
2023-06-03,6458,Gear,3,126
2024-01-21,3638,Boosts,1,158
2024-01-21,3892,Weapon,1,112
2023-11-21,6930,Boosts,2,5586
2024-01-23,2499,Weapon,3,52
2024-01-05,13058,Energy,1,2000
2023-04-16,339,Boosts,1,99
2023-09-11,6930,Energy,4,2800
2024-02-09,2657,Boosts,2,196
2024-01-10,3053,Gear,3,27625
2024-01-12,2773,Boosts,1,396
2024-02-21,3413,Weapon,2,162
2024-01-20,8302,Weapon,4,228
2024-01-16,4945,Weapon,1,330
2023-07-14,4975,Weapon,1,189
2023-07-28,6930,Energy,2,1400
2023-12-26,9784,Weapon,3,152
2024-01-04,6129,Weapon,2,56
2024-02-05,4088,Weapon,1,30
2024-02-01,1660,Weapon,3,84
2024-01-22,59,Weapon,1,3
2024-01-26,9445,Weapon,3,13
2024-01-26,5760,Weapon,3,513
2024-01-26,16272,Energy,1,700
2024-01-27,9385,Weapon,6,882
2024-01-27,8732,Weapon,1,377
2024-01-01,5729,Weapon,1,5
2024-02-03,10249,Boosts,1,297
2023-12-02,13058,Energy,1,2000
2024-03-23,6423,Energy,1,5400
2024-01-02,3256,Weapon,5,159
2023-09-13,6930,Boosts,1,2793
2024-03-03,3748,Weapon,2,92
2024-01-14,14393,Weapon,9,258
2024-01-21,2323,Energy,1,2100
2024-02-12,4013,Energy,1,200
2024-02-12,7480,Energy,1,2400
2024-01-24,8372,Weapon,1,168
2024-03-06,163,Weapon,1,45
2024-03-17,14307,Weapon,1,220
2023-11-11,1723,Weapon,1,99
2023-08-18,6930,Energy,2,1400
2024-01-05,1962,Weapon,1,5
2024-01-25,2986,Gear,1,8
2024-02-08,3011,Weapon,1,5
2024-02-19,5862,Energy,1,800
2024-03-09,3543,Energy,2,800
2024-04-01,9692,Energy,1,2700
2024-03-05,3011,Boosts,1,49
2024-01-20,2986,Weapon,5,100
2024-01-15,5862,Weapon,1,16
2024-01-31,46,Weapon,1,4
2024-04-10,6947,Energy,1,100
2023-11-13,4832,Weapon,2,40
2023-12-26,6127,Weapon,1,52
2024-01-04,7830,Weapon,1,10
2024-01-19,1210,Gear,2,6
2024-02-05,13435,Energy,1,100
2024-01-29,10890,Weapon,1,460
2024-02-01,10429,Gear,1,2
2024-01-03,5422,Weapon,4,100
2024-01-27,318,Weapon,8,60
2024-01-27,3132,Boosts,1,1089
2024-01-06,4355,Energy,1,1200
2024-01-06,10334,Weapon,3,30
2023-05-09,8691,Boosts,2,13446
2024-01-01,18012,Weapon,1,525
2023-06-11,8691,Boosts,2,13446
2024-01-08,7081,Weapon,2,216
2024-01-28,1668,Gear,3,8
2024-01-07,1704,Weapon,4,20
2024-03-02,3011,Boosts,1,49
2023-06-28,6930,Weapon,2,78883
2023-08-15,11016,Gear,2,11
2024-02-23,2092,Energy,1,700
2024-02-23,13058,Boosts,1,980
2024-01-24,13212,Weapon,1,8
2023-04-26,11016,Weapon,1,12
2024-03-27,89,Boosts,1,598
2023-12-13,4151,Weapon,2,10
2024-03-08,14313,Boosts,2,1848
2024-01-12,1735,Weapon,1,14
2024-02-02,5956,Weapon,1,20
2024-01-09,6536,Weapon,1,25
2024-01-20,9157,Weapon,2,30
2024-01-31,11549,Energy,1,800
2024-02-11,10890,Boosts,1,2254
2024-02-07,201,Boosts,1,735
2024-03-01,1580,Weapon,2,10962
2023-11-23,7666,Weapon,1,100
2024-03-15,2146,Weapon,1,6
2024-01-18,4074,Gear,1,8
2024-01-19,1397,Weapon,2,189
2024-01-29,1814,Weapon,4,38
2024-01-03,1300,Weapon,1,60
2024-01-22,13105,Weapon,2,30
2024-01-26,2733,Weapon,1,10
2024-01-26,3439,Energy,1,100
2023-11-10,4430,Boosts,1,198
2024-01-27,3429,Weapon,3,37
2024-01-30,163,Weapon,8,315
2024-01-30,4434,Weapon,4,40
2023-12-28,3391,Weapon,1,22
2023-05-01,19697,Energy,1,300
2024-02-17,3295,Weapon,4,324
2024-01-02,12031,Boosts,1,597
2024-04-05,2146,Boosts,1,99
2024-01-21,8955,Gear,1,65
2024-02-23,565,Boosts,1,873
2024-03-28,2323,Gear,1,105
2024-01-23,7346,Weapon,5,25
2024-02-26,201,Boosts,1,735
2023-06-12,6930,Energy,3,2100
2023-07-09,5679,Weapon,4,1890
2023-07-04,10745,Weapon,2,124
2024-01-25,1880,Weapon,2,1472
2023-11-07,1723,Weapon,1,15
2024-02-19,9595,Weapon,1,9
2024-01-10,3413,Weapon,1,2
2024-02-02,4088,Weapon,1,78
2024-01-20,3177,Weapon,1,5130
2024-01-31,5883,Gear,2,18
2023-04-28,11016,Weapon,1,15
2023-07-08,6602,Weapon,5,175
2023-06-30,6930,Gear,3,130550
2023-12-01,4430,Boosts,1,198
2024-01-18,2646,Weapon,1,30
2024-01-19,59,Weapon,4,20
2024-01-19,4217,Gear,1,140
2024-02-01,3011,Weapon,4,80
2024-01-03,8028,Weapon,3,1365
2024-01-22,10393,Weapon,1,242
2023-12-21,12993,Weapon,2,10
2024-01-30,46,Weapon,2,28
2024-01-06,3512,Weapon,7,292
2024-02-03,2657,Energy,1,200
2024-03-14,46,Energy,2,200
2024-01-02,3132,Weapon,2,121
2024-01-28,12057,Gear,1,4
2023-07-15,6930,Energy,6,4200
2024-03-03,4355,Energy,1,1200
2024-01-21,2092,Gear,2,42
2024-02-23,719,Boosts,1,240
2023-08-12,6930,Energy,4,2800
2023-12-08,1686,Boosts,1,198
2024-01-24,11549,Gear,5,232
2023-04-13,8691,Boosts,2,13446
2023-05-26,6458,Weapon,3,270
2024-01-05,6347,Weapon,1,9
2024-01-05,6835,Weapon,1,20
2024-02-04,2590,Energy,1,100
2023-06-08,11016,Weapon,1,282
2024-03-08,10890,Weapon,3,2714
2024-02-09,3400,Gear,2,2
2024-01-10,6458,Weapon,1,828
2024-02-02,17681,Weapon,2,54
2024-03-09,14056,Boosts,1,12537
2024-01-09,5422,Weapon,2,25
2024-01-09,158,Weapon,3,375
2024-01-31,2908,Weapon,1,105
2024-03-07,1994,Weapon,2,78
2024-02-06,11383,Gear,2,486
2023-07-27,6930,Energy,2,1400
2024-01-17,2646,Weapon,1,26
2024-01-17,4298,Weapon,4,1610
2024-01-17,16907,Weapon,5,132
2023-06-01,6930,Energy,4,2800
2024-03-22,10745,Energy,1,6200
2023-12-01,3957,Energy,1,1000
2023-11-29,4832,Weapon,3,176
2023-12-16,10814,Energy,1,1400
2024-01-04,5405,Weapon,2,10
2024-01-13,107,Weapon,3,15
2024-01-18,574,Weapon,12,340
2024-01-18,16907,Weapon,7,552
2024-01-19,82,Weapon,1,50
2024-01-29,4434,Weapon,2,30
2024-03-31,6573,Weapon,3,38
2023-12-31,5917,Weapon,4,10
2024-02-01,5481,Gear,1,128
2023-10-01,11665,Boosts,1,4788
2023-10-29,6458,Weapon,3,738
2024-01-22,6493,Weapon,7,66
2024-01-27,1962,Weapon,1,10
2024-01-30,2646,Weapon,4,106
2024-01-06,8006,Weapon,7,37
2023-06-18,6930,Energy,3,2100
2024-01-08,5238,Weapon,3,20
2024-01-28,7621,Weapon,5,144
2024-02-24,3543,Weapon,3,304
2024-03-03,9692,Energy,3,8100
2024-01-14,14313,Weapon,12,4290
2024-02-25,13435,Energy,1,100
2024-01-21,17059,Weapon,1,1500
2023-08-11,5966,Weapon,1,198
2024-03-08,158,Energy,1,2500
2024-02-09,4013,Energy,1,200
2024-03-29,3295,Weapon,2,4104
2023-05-29,10730,Gear,1,378065
2024-01-15,8898,Weapon,7,70
2024-01-31,4981,Weapon,6,52
2024-02-07,3294,Energy,1,2300
2024-02-07,318,Weapon,2,98
2024-01-17,9692,Gear,2,243
2023-04-27,11016,Weapon,1,39
2024-01-19,4085,Weapon,1,72
2024-02-05,3011,Weapon,1,28
2023-12-31,5729,Weapon,5,25
2024-01-03,6129,Energy,1,400
2023-12-21,2145,Energy,2,200
2024-03-20,5388,Energy,1,800
2024-01-01,2899,Weapon,1,70
2024-03-23,6930,Energy,2,1400
2024-01-08,8006,Weapon,3,41
2024-04-03,3413,Gear,1,5
2024-01-28,12956,Weapon,1,13
2024-01-07,1397,Weapon,1,28
2024-03-02,3543,Weapon,6,356
2024-01-21,11439,Weapon,3,220
2023-12-30,1419,Weapon,4,20
2023-07-02,10804,Weapon,3,15
2024-02-09,542,Energy,1,2700
2024-01-12,5648,Weapon,2,26
2024-01-09,11847,Weapon,2,64
2024-01-20,4653,Weapon,1,5
2023-08-10,6930,Energy,8,5600
2024-04-09,9692,Boosts,1,1323
2024-03-04,1580,Weapon,2,580
2024-04-07,2657,Boosts,1,198
2023-09-17,7463,Weapon,1,9
2024-02-22,318,Boosts,1,79
2024-02-18,1880,Weapon,1,320
2023-06-10,8691,Energy,1,2700
2023-07-07,11665,Boosts,1,1188
2024-01-16,10992,Weapon,4,39260
2024-01-04,5136,Weapon,8,47
2024-01-04,8652,Weapon,2,820
2024-01-19,19409,Weapon,1,930
2024-02-29,9482,Energy,1,100
2023-12-31,12122,Weapon,1,15
2024-01-03,363,Weapon,2,10
2024-01-03,1985,Weapon,1,10
2024-01-03,4369,Gear,2,64
2024-01-22,3429,Weapon,1,5
2024-01-30,2773,Weapon,1,2000
2024-01-30,1870,Weapon,1,54
2024-01-06,11847,Weapon,1,15
2023-12-28,15878,Weapon,3,15
2024-02-20,9595,Weapon,1,28
2024-01-08,78,Weapon,1,30
2024-01-14,5854,Weapon,1,70
2024-01-21,12333,Gear,1,5
2023-08-08,6930,Energy,6,4200
2024-01-24,11368,Boosts,1,637
2023-10-17,1846,Gear,1,1
2023-11-20,3391,Weapon,4,42
2024-01-05,530,Boosts,1,198
2023-08-05,6930,Energy,2,1400
2024-03-08,8652,Boosts,1,4059
2024-01-12,6354,Weapon,6,30
2024-03-09,14313,Weapon,2,9504
2023-07-03,9119,Gear,3,913025
2024-01-09,1812,Weapon,5,25
2024-01-09,3050,Weapon,4,100
2024-01-15,1773,Weapon,1,30
2024-01-31,55,Weapon,3,40
2024-01-16,6638,Weapon,2,46
2023-08-02,6930,Energy,3,2100
2024-01-19,5422,Weapon,3,165
2024-01-18,13187,Boosts,1,98
2024-01-29,3892,Weapon,1,240
2023-12-31,10962,Weapon,2,16
2024-02-01,2571,Weapon,1,102
2024-01-03,9463,Gear,1,8
2024-02-14,9645,Energy,8,800
2023-09-29,4430,Boosts,1,198
2024-01-27,5388,Gear,3,160
2024-01-28,1264,Weapon,1,2
2024-01-07,3879,Weapon,1,39
2024-01-14,3864,Weapon,1,20
2023-11-21,1686,Weapon,1,200
2024-02-27,3401,Gear,2,420
2024-02-12,16907,Gear,2,42
2024-02-10,7520,Energy,2,1400
2024-01-24,12370,Weapon,1,10
2024-03-12,1924,Weapon,1,2000
2024-01-11,12867,Weapon,3,15
2024-01-05,13678,Weapon,3,11
2024-01-05,479,Weapon,1,60
2023-09-26,3701,Weapon,3,15
2024-01-25,1127,Weapon,2,140
2024-01-25,7154,Weapon,3,45
2024-02-19,4020,Gear,1,22
2024-01-12,5362,Boosts,1,49
2024-02-02,3287,Weapon,1,1
2023-11-14,2686,Energy,1,100
2024-01-09,1704,Weapon,2,19
2024-03-07,14313,Weapon,22,70818
2024-03-04,4387,Gear,1,4060
2024-02-07,11544,Gear,4,39597
2023-07-20,6930,Energy,2,1400
2024-02-18,11368,Energy,1,1300
2024-02-18,1962,Weapon,5,52
2024-01-16,5881,Weapon,1,15
2024-03-21,3413,Boosts,1,49
2024-01-13,2342,Weapon,4,420
2024-01-18,5237,Energy,1,900
2024-01-02,36,Weapon,1,7
2024-01-28,2461,Energy,1,1000
2024-01-14,10393,Weapon,2,220
2024-01-14,10877,Weapon,2,1593
2024-03-18,7666,Energy,1,200
2023-12-30,8154,Energy,4,800
2024-01-23,6092,Weapon,2,30
2024-01-24,3287,Weapon,3,13
2023-04-23,8691,Boosts,2,13446
2023-12-18,12993,Weapon,2,10
2023-12-18,12122,Weapon,5,25
2024-02-08,11808,Weapon,1,11
2024-02-09,9970,Weapon,1,2500
2023-05-29,4975,Weapon,1,623
2024-02-02,2571,Gear,6,42
2024-02-02,6153,Boosts,1,79
2024-01-09,1660,Weapon,6,87
2024-02-07,3543,Weapon,4,128
2023-11-25,1994,Weapon,2,20
2023-11-12,4735,Weapon,1,11
2023-11-29,19697,Energy,1,300
2024-01-18,3011,Weapon,7,97
2024-01-18,3614,Weapon,1,5
2024-01-19,5848,Weapon,1,11
2024-01-03,3177,Weapon,1,108
2024-01-03,3773,Weapon,1,43
2023-11-10,13058,Energy,1,2000
2024-01-27,8652,Boosts,1,2542
2024-01-27,6530,Weapon,5,100
2023-12-25,7136,Weapon,5,23
2024-01-06,8154,Energy,2,400
2023-09-24,1340,Weapon,1,100
2023-11-17,6930,Energy,4,2800
2024-01-08,14313,Weapon,4,429
2024-02-24,565,Boosts,1,1791
2024-02-24,3413,Weapon,1,6
2024-03-03,14056,Boosts,1,4977
2023-08-28,8705,Weapon,1,10
2024-01-21,1812,Weapon,1,12
2024-01-21,574,Weapon,2,36
2024-01-21,3543,Weapon,3,152
2024-01-21,98,Weapon,2,70
2024-04-02,1962,Gear,1,56
2024-02-10,6930,Energy,1,700
2023-11-11,10505,Energy,4,14000
2024-01-11,6977,Weapon,5,52
2024-01-11,1981,Weapon,3,25
2024-01-05,3047,Weapon,3,50
2024-02-08,10505,Gear,1,35
2024-01-10,719,Gear,2,48
2024-01-12,417,Weapon,5,44
2024-01-12,4465,Weapon,3,180
2023-06-04,5966,Weapon,1,12
2024-02-02,3295,Gear,1,60
2024-02-13,10804,Weapon,1,724
2023-12-09,4832,Weapon,1,52
2024-01-20,201,Weapon,1,45
2024-01-20,82,Weapon,1,15
2024-01-15,9104,Weapon,2,207
2024-01-15,5799,Weapon,4,20
2024-01-15,16272,Weapon,1,105
2024-03-01,11439,Weapon,3,2334
2023-08-13,13058,Boosts,2,1960
2024-03-19,14313,Boosts,1,539
2024-01-18,4848,Weapon,1,5
2023-07-19,10804,Weapon,1,3
2024-02-01,3400,Weapon,2,48
2024-01-03,5679,Energy,1,3500
2024-01-27,971,Weapon,5,36
2024-01-30,3614,Gear,2,4
2024-01-01,3324,Weapon,1,10
2024-02-03,4223,Boosts,1,237
2024-03-23,7679,Weapon,1,31000
2024-01-28,10393,Boosts,1,2178
2024-01-07,1962,Weapon,2,30
2024-01-14,15254,Weapon,2,128
2023-12-19,905,Weapon,2,16
2024-01-21,6224,Weapon,4,8
2024-01-21,4387,Boosts,1,1393
2024-02-23,3748,Weapon,1,76
2024-01-23,55,Weapon,3,60
2023-12-08,3957,Energy,1,1000
2024-01-11,8955,Weapon,2,46
2024-03-16,78,Energy,1,200
2023-09-28,3701,Gear,1,4
2024-02-19,5862,Weapon,1,8
2024-01-10,1511,Weapon,4,4
2024-02-02,10193,Weapon,1,123
2024-01-15,3047,Weapon,1,60
2024-02-11,3744,Energy,2,600
2024-01-17,1660,Gear,3,45
2024-01-17,1985,Weapon,1,34
2024-01-17,1219,Weapon,1,10
2024-01-16,7575,Boosts,1,1035
2024-01-16,1773,Weapon,2,60
2024-01-16,6332,Weapon,1,10
2024-01-18,2453,Weapon,1,15
2024-02-29,5006,Weapon,1,1606
2024-03-31,11549,Boosts,1,392
2024-01-03,9784,Energy,1,400
2024-01-22,3350,Energy,1,8700
2024-01-01,6595,Weapon,2,20
2024-02-03,3295,Energy,1,600
2024-03-23,78,Energy,1,200
2023-08-20,2934,Weapon,1,15
2024-01-02,479,Weapon,2,72
2024-01-28,7888,Weapon,1,11
2024-01-14,4832,Weapon,6,108
2024-01-14,3543,Weapon,2,60
2024-01-14,13435,Weapon,1,319
2023-12-08,12031,Weapon,1,1500
2024-01-24,10836,Weapon,5,644
2024-01-11,13678,Weapon,3,29
2024-01-05,201,Weapon,4,495
2024-01-10,5862,Weapon,1,80
2024-01-10,1660,Weapon,4,180
2024-01-12,10175,Weapon,2,10
2024-01-12,11847,Weapon,1,1
2024-02-02,4013,Energy,1,200
2024-03-24,6930,Energy,1,700
2024-01-20,5042,Weapon,2,60
2024-01-15,14313,Weapon,3,341
2024-01-15,11549,Weapon,1,392
2024-01-15,5944,Weapon,1,5
2024-03-07,14056,Boosts,1,9387
2024-03-07,8028,Weapon,1,45500
2023-12-24,7920,Weapon,1,300
2024-02-22,4013,Boosts,1,98
2024-02-16,6930,Energy,1,700
2024-01-16,5799,Weapon,3,24
2024-02-28,11339,Boosts,2,98
2024-01-13,6127,Weapon,3,12
2024-01-26,1668,Weapon,7,37
2024-02-14,4013,Energy,1,200
2024-01-06,1723,Boosts,1,297
2024-01-06,5135,Weapon,1,70
2023-11-08,1723,Weapon,4,180
2024-01-01,2249,Weapon,1,120
2024-01-01,5917,Weapon,3,26
2023-06-11,4680,Weapon,1,70
2024-01-08,4485,Boosts,1,49
2024-04-03,9692,Energy,3,8100
2024-03-03,3543,Weapon,2,68
2024-01-14,7534,Weapon,1,9
2024-01-21,8292,Weapon,1,338
2023-12-30,6129,Weapon,1,60
2024-01-23,10992,Weapon,1,1287
2023-06-12,10896,Weapon,1,30
2024-04-04,11439,Weapon,1,19050
2024-01-05,9929,Weapon,1,8
2024-01-05,9929,Boosts,1,98
2024-01-25,5797,Gear,1,5
2024-01-25,5956,Weapon,4,540
2024-01-09,12106,Weapon,4,60
2024-02-11,783,Gear,1,27450
2024-02-11,11016,Weapon,1,500
2024-01-16,5405,Weapon,1,45
2023-11-30,3391,Energy,1,100
2023-08-02,6930,Weapon,1,3500
2024-01-04,2773,Energy,3,1200
2024-01-04,10525,Boosts,1,49
2024-01-18,7826,Weapon,3,43
2024-01-18,5187,Gear,1,3
2024-01-19,9149,Weapon,7,2760
2024-01-29,574,Weapon,4,30
2024-01-26,448,Boosts,1,79
2024-02-15,7888,Weapon,1,53
2024-02-20,7666,Energy,2,400
2024-01-02,3738,Weapon,1,47
2024-01-14,2092,Weapon,2,210
2024-01-21,8302,Weapon,2,117
2023-12-30,18012,Weapon,1,490
2023-11-21,687,Weapon,1,75
2024-01-23,5179,Boosts,1,447
2024-02-27,13058,Energy,1,2000
2024-02-10,3350,Energy,1,8700
2024-01-24,6457,Weapon,1,91
2024-01-24,98,Weapon,1,105
2023-04-13,8691,Weapon,1,13500
2024-04-04,11016,Boosts,1,49
2024-02-04,1660,Gear,1,6
2023-08-27,6930,Energy,4,2800
2023-06-04,11016,Gear,1,2
2024-02-02,788,Energy,1,100
2024-01-15,10500,Gear,1,8
2023-07-10,6602,Weapon,1,77
2023-09-18,6551,Weapon,1,55
2024-03-01,1962,Weapon,2,3
2024-03-19,1962,Energy,1,100
2023-11-13,6930,Boosts,1,3143
2024-03-21,11549,Weapon,1,4000
2023-07-14,10330,Boosts,1,1881
2024-03-15,5006,Weapon,2,45990
2024-01-13,3132,Weapon,2,638
2024-01-19,1880,Weapon,3,1472
2024-01-29,5848,Weapon,1,14
2024-02-01,4945,Weapon,3,66
2024-02-01,7520,Energy,1,700
2024-01-22,2676,Weapon,3,90
2024-01-27,3140,Weapon,1,15
2024-01-01,305,Weapon,2,25
2024-02-03,46,Weapon,1,39
2024-03-23,16272,Energy,1,700
2024-01-02,6714,Weapon,4,26
2023-07-21,1671,Boosts,2,98
2024-01-14,14313,Boosts,1,1089
2024-03-18,4085,Gear,2,7020
2024-01-21,12649,Weapon,1,125
2023-12-08,13435,Weapon,1,5
2023-04-22,4430,Boosts,1,198
2023-09-19,19697,Energy,2,600
2023-09-03,6930,Energy,3,2100
2024-01-11,5405,Weapon,1,15
2024-01-25,3953,Gear,1,11
2023-09-28,3957,Gear,1,40
2024-02-08,12956,Weapon,3,34
2024-01-12,5160,Weapon,14,344
2024-02-02,11549,Energy,1,800
2024-03-24,2986,Boosts,1,212
2024-02-07,14313,Boosts,1,539
2024-04-10,9692,Energy,9,24300
2024-01-17,3047,Weapon,1,315
2023-11-24,6930,Energy,1,700
2023-12-29,681,Weapon,1,4
2024-01-16,14313,Gear,2,44
2024-01-19,2646,Weapon,1,30
2024-02-01,1660,Gear,1,42
2024-03-10,8767,Boosts,1,790
2024-01-03,7896,Weapon,4,260
2024-01-06,3439,Energy,1,100
2024-01-02,3324,Weapon,5,120
2024-01-08,12579,Weapon,1,45
2024-01-28,1962,Gear,1,2
2024-01-28,687,Weapon,1,75
2024-01-28,8898,Weapon,1,10
2024-01-07,10334,Weapon,2,50
2024-03-02,1962,Weapon,1,16
2023-11-15,6930,Energy,1,700
2023-05-27,6930,Weapon,3,162792
2023-10-26,3957,Energy,1,1000
2023-08-17,11339,Weapon,1,5
2024-01-24,1880,Weapon,3,192
2024-01-24,7170,Weapon,4,180
2024-01-11,4516,Weapon,6,1323
2023-10-11,433,Weapon,1,608
2024-01-25,10836,Weapon,5,2044
2024-02-08,4085,Boosts,3,1323
2024-02-19,4085,Boosts,2,2232
2024-01-15,10806,Weapon,5,75
2024-04-09,11439,Energy,5,1000
2024-01-17,6423,Energy,4,21600
2024-03-22,9692,Energy,5,13500
2024-01-16,8898,Weapon,27,270
2024-01-16,4088,Weapon,5,150
2024-01-18,4945,Gear,3,242
2024-02-29,5388,Boosts,1,392
2024-03-31,6930,Energy,1,700
2023-12-31,3413,Weapon,2,34
2024-02-01,6930,Boosts,2,3836
2024-01-03,1451,Weapon,4,57
2024-01-26,1926,Weapon,5,96
2024-01-26,11584,Weapon,1,30
2024-02-14,3295,Weapon,1,3000
2023-11-10,3042,Weapon,2,44
2024-02-15,3011,Weapon,1,14
2024-02-03,8359,Weapon,1,1000
2024-02-17,6930,Energy,1,700
2024-01-08,8955,Weapon,2,10
2023-06-28,6930,Energy,4,2800
2023-10-04,3957,Weapon,1,490
2024-02-23,1668,Gear,1,9
2024-01-23,4217,Weapon,1,5376
2024-02-12,9645,Energy,1,100
2024-02-04,12867,Weapon,1,10
2023-06-17,11016,Boosts,1,99
2024-01-25,3295,Weapon,7,540
2024-01-25,17681,Weapon,2,20
2023-09-11,19697,Energy,1,300
2024-01-12,15254,Weapon,3,216
2024-01-12,2092,Weapon,1,35
2023-12-12,11189,Weapon,2,116
2024-01-09,201,Weapon,1,60
2024-01-09,5405,Weapon,1,13
2024-01-20,4088,Weapon,2,84
2024-03-04,807,Gear,1,2
2024-04-07,4974,Boosts,1,4554
2023-07-24,6930,Energy,2,1400
2024-01-17,4945,Weapon,1,11000
2023-06-29,6930,Weapon,7,51485
2024-03-21,3413,Weapon,3,21
2023-08-07,4728,Weapon,2,40
2024-01-13,16856,Weapon,1,5
2024-02-01,12370,Weapon,1,22
2024-01-26,3738,Weapon,1,79
2024-02-15,5405,Weapon,4,170
2023-12-28,687,Weapon,1,70
2023-07-31,7542,Boosts,1,49
2024-01-08,6714,Weapon,2,38
2023-07-21,6930,Energy,6,4200
2023-12-07,7920,Weapon,1,100
2024-01-28,10175,Weapon,2,23
2024-02-24,13058,Boosts,2,1960
2024-01-21,59,Weapon,1,2
2024-01-23,5760,Weapon,1,27
2024-01-23,10691,Boosts,1,158
2023-08-22,6930,Energy,2,1400
2024-03-17,5405,Weapon,1,15
2023-05-26,6930,Weapon,1,3248
2024-01-11,5760,Weapon,6,1107
2024-01-11,3543,Weapon,2,24
2023-08-06,534,Weapon,2,9
2024-01-25,6493,Weapon,4,66
2024-01-25,4981,Weapon,5,25
2024-01-10,1613,Weapon,3,46
2023-12-20,7469,Weapon,1,5
2024-01-17,8898,Weapon,4,40
2024-03-22,14056,Boosts,2,21924
2024-03-21,3413,Gear,1,5
2024-01-04,201,Weapon,1,555
2024-01-18,16856,Weapon,1,15
2024-01-19,6457,Weapon,5,112
2024-01-29,7869,Weapon,1,18
2023-12-31,9929,Energy,1,200
2024-02-01,1668,Weapon,17,51
2024-04-11,1994,Boosts,1,158
2024-04-11,6947,Energy,1,100
2024-01-22,4932,Weapon,2,286
2024-01-26,900,Weapon,1,12
2024-01-27,3339,Weapon,1,20
2024-02-20,698,Weapon,1,145
2024-01-08,11417,Weapon,1,10
2023-12-07,10814,Energy,2,2800
2024-01-14,11189,Energy,1,200
2024-01-14,13360,Energy,1,100
2024-02-10,1994,Gear,1,22
2023-04-17,8691,Energy,1,2700
2024-01-24,2461,Energy,1,1000
2023-06-12,4680,Weapon,3,65
2023-05-23,6930,Energy,3,2100
2023-07-05,10745,Weapon,2,806
2024-01-31,18012,Boosts,1,1715
2024-04-09,1962,Energy,1,100
2023-12-20,6127,Weapon,2,40
2024-01-17,1660,Weapon,11,1692
2024-02-18,542,Energy,1,2700
2024-01-13,5881,Weapon,1,15
2024-01-13,7474,Weapon,1,60
2024-02-01,4355,Energy,1,1200
2024-01-22,7089,Weapon,4,52
2024-01-26,7170,Weapon,1,6
2024-01-30,5881,Weapon,3,12
2024-03-02,1671,Energy,2,200
2024-02-24,3050,Energy,1,200
2024-01-14,9411,Energy,1,100
2023-04-12,8691,Boosts,8,53784
2024-01-24,3041,Weapon,1,42
2024-03-06,11439,Weapon,4,5234
2024-01-11,1511,Boosts,1,49
2024-01-25,10175,Weapon,3,1219
2024-01-25,170,Weapon,1,30
2024-01-25,574,Gear,1,2
2024-02-08,6681,Boosts,1,79
2024-02-08,6153,Boosts,1,49
2024-02-09,1962,Energy,1,100
2024-01-10,7950,Gear,4,9
2024-01-10,11847,Weapon,1,15
2023-10-22,3744,Weapon,2,30
2024-01-09,5422,Gear,4,110
2024-01-15,10070,Weapon,1,22
2024-03-04,1962,Weapon,2,3
2023-12-29,2895,Weapon,1,3
2024-02-16,7679,Weapon,3,1488
2024-01-16,201,Weapon,2,435
2023-11-03,8459,Weapon,1,5
2024-03-15,3174,Energy,1,100
2024-01-18,3256,Weapon,1,111
2024-01-19,11439,Weapon,3,54
2024-01-29,6930,Energy,2,1400
2023-12-31,3256,Weapon,1,36
2024-01-22,3401,Weapon,1,280
2024-01-26,5679,Energy,1,3500
2024-01-27,3878,Energy,1,100
2024-01-30,9692,Energy,5,13500
2024-01-06,7440,Weapon,1,78
2024-02-15,201,Boosts,1,735
2023-12-28,3413,Weapon,3,33
2024-02-17,7575,Boosts,2,2010
2024-01-07,10920,Weapon,5,96
2024-01-07,9970,Weapon,9,130425
2023-11-15,13058,Boosts,1,980
2024-04-05,7920,Boosts,1,1980
2024-04-05,10745,Energy,1,6200
2023-12-19,508,Weapon,1,5
2024-01-21,11549,Energy,1,800
2023-08-12,13058,Energy,1,2000
2024-02-10,13579,Boosts,1,686
2024-02-10,3744,Energy,1,300
2024-01-24,16856,Weapon,1,15
2023-10-30,433,Energy,1,1600
2024-02-04,14307,Boosts,1,396
2023-09-28,3701,Boosts,1,49
2024-02-09,16907,Weapon,1,312
2024-03-29,1962,Gear,1,65
2024-01-12,3391,Energy,1,100
2024-02-13,2590,Gear,1,1
2023-11-05,10505,Energy,3,10500
2024-01-20,10500,Boosts,1,198
2023-11-24,2934,Energy,1,300
2023-12-29,3413,Weapon,4,60
2024-03-22,9692,Weapon,2,7128
2023-06-29,10745,Weapon,1,496
2024-01-16,5187,Gear,1,4
2023-09-27,3701,Weapon,1,3
2024-01-04,36,Weapon,1,12
2024-01-13,3047,Energy,1,500
2024-01-19,8641,Weapon,1,5
2023-10-24,8879,Weapon,1,455
2024-01-29,17681,Weapon,2,20
2024-01-22,1786,Weapon,4,15240
2023-04-24,11016,Weapon,5,44
2024-01-27,1962,Gear,6,40
2024-01-27,1833,Weapon,1,5
2023-12-22,4151,Weapon,2,30
2024-01-30,13579,Gear,4,196
2024-01-30,2928,Gear,2,68
2024-01-30,14313,Gear,1,121
2024-01-06,161,Weapon,2,6
2023-06-07,6930,Energy,1,700
2024-01-08,161,Weapon,3,38
2024-01-28,9595,Weapon,4,51
2024-01-07,3132,Weapon,1,550
2024-03-02,10381,Boosts,1,546
2024-03-03,10920,Boosts,1,796
2024-01-14,9692,Gear,1,54
2023-05-22,6930,Gear,1,24570
2024-01-21,1962,Weapon,4,31
2024-01-21,7896,Weapon,1,40
2024-01-23,6224,Weapon,1,11
2024-02-12,5806,Weapon,1,500
2023-12-10,9929,Weapon,2,94
2024-01-24,3235,Weapon,3,540
2023-08-18,5193,Boosts,1,468
2024-02-04,201,Boosts,1,735
2024-02-08,2657,Energy,1,200
2024-01-12,2342,Weapon,4,133
2024-01-12,8955,Weapon,1,3
2024-02-02,3047,Boosts,1,995
2024-02-13,8767,Gear,1,1540
2024-01-15,5462,Weapon,1,44
2024-01-17,8955,Energy,1,100
2023-05-30,6930,Weapon,3,122066
2024-02-28,530,Weapon,1,854
2024-01-19,15851,Weapon,3,50
2024-01-29,6457,Gear,1,28
2024-01-03,2899,Weapon,1,40
2024-01-03,6458,Weapon,1,468
2024-01-26,7672,Energy,1,100
2024-01-27,12333,Weapon,2,26
2024-01-27,6308,Weapon,1,11
2023-12-25,622,Weapon,5,25
2024-02-15,6930,Boosts,1,3143
2024-02-15,3543,Weapon,2,140
2024-03-20,7666,Energy,1,200
2023-08-25,6930,Energy,1,700
2024-01-01,11808,Weapon,4,44
2024-01-02,5283,Weapon,5,2077
2024-01-08,6347,Weapon,1,35
2024-04-14,7676,Boosts,1,1194
2024-01-23,16856,Weapon,2,17
2024-01-24,5760,Weapon,1,351
2023-08-11,6930,Energy,5,3500
2024-01-11,10992,Weapon,4,247
2023-05-11,6930,Gear,2,8260
2023-09-14,5389,Weapon,1,9
2024-01-10,5444,Weapon,4,220
2024-01-12,5458,Weapon,1,45
2024-02-13,5237,Gear,1,999
2024-01-09,3256,Weapon,1,42
2024-03-24,8652,Boosts,1,8159
2024-01-20,10890,Weapon,2,736
2024-01-20,247,Weapon,5,966
2024-01-20,8652,Energy,1,4100
2024-03-07,201,Boosts,1,735
2024-04-09,18012,Weapon,2,315
2023-12-24,8154,Weapon,1,64
2023-12-24,905,Weapon,2,60
2024-02-06,4020,Gear,4,20
2024-02-06,565,Gear,2,18
2024-01-04,1580,Weapon,2,1015
2024-01-13,7480,Weapon,7,888
2024-01-13,2560,Weapon,2,280
2024-01-13,3053,Energy,1,1700
2024-01-18,5797,Weapon,1,6
2024-01-19,4932,Weapon,8,770
2024-01-19,10747,Weapon,2,30
2023-12-31,530,Weapon,1,8
2024-02-01,13058,Boosts,1,980
2024-01-22,14313,Gear,1,121
2023-07-12,10330,Boosts,1,1501
2024-01-30,78,Weapon,1,100
2023-06-11,6930,Energy,2,1400
2023-06-11,6458,Weapon,1,144
2023-09-20,3957,Weapon,1,90
2024-02-20,4085,Gear,1,5220
2024-02-17,1962,Gear,2,16
2023-07-17,6930,Energy,2,1400
2023-09-05,7463,Weapon,2,10
2024-01-28,5237,Energy,1,900
2024-01-28,13058,Energy,1,2000
2024-03-03,9445,Weapon,1,6
2024-01-14,11847,Weapon,1,7
2024-04-05,9692,Energy,3,8100
2023-12-30,5854,Weapon,2,40
2024-01-23,9157,Weapon,1,17
2024-02-27,5883,Gear,1,12
2024-01-25,1633,Weapon,5,25
2024-02-08,1668,Gear,1,5
2024-02-21,6153,Boosts,1,49
2023-07-26,6930,Energy,4,2800
2024-02-02,5525,Weapon,15,16
2023-05-06,6930,Weapon,5,30520
2024-01-20,3439,Energy,1,100
2024-01-31,11339,Gear,2,965
2023-07-22,7672,Boosts,1,199
2023-12-20,8154,Energy,2,400
2023-11-28,10814,Weapon,2,224
2024-01-17,2564,Weapon,6,1520
2024-01-17,6224,Weapon,4,54
2024-01-16,1670,Weapon,2,90
2024-01-13,12823,Weapon,3,54
2024-01-13,2193,Weapon,3,27
2024-01-19,497,Energy,1,200
2024-01-29,11320,Boosts,1,98
2024-02-29,10330,Boosts,1,931
2023-12-31,7888,Weapon,4,16
2024-01-22,2444,Weapon,5,140
2024-02-14,7666,Weapon,1,1000
2024-01-27,1208,Weapon,2,120
2024-01-27,5525,Weapon,8,9
2024-01-27,5965,Weapon,5,300
2024-01-06,1210,Weapon,4,40
2023-11-19,3212,Energy,1,100
2024-01-02,3053,Weapon,3,5219
2024-01-02,8732,Weapon,2,52
2023-12-07,9929,Weapon,1,2
2024-01-07,10814,Energy,1,1400
2024-01-07,6339,Energy,1,700
2024-03-03,1870,Boosts,1,441
2024-03-03,8652,Energy,1,4100
2024-01-21,1981,Weapon,1,13
2023-12-30,619,Weapon,1,360
2024-02-10,2092,Energy,1,700
2024-02-10,13212,Gear,1,106
2023-12-10,8154,Weapon,5,1916
2023-08-01,6930,Boosts,2,5936
2024-01-11,12920,Weapon,5,627
2024-01-05,5238,Weapon,1,3
2024-02-08,6947,Weapon,5,51
2024-02-08,4415,Energy,2,12200
2024-02-09,7463,Weapon,1,5
2024-01-10,3610,Weapon,1,75
2024-01-17,6129,Boosts,1,196
2024-02-16,4355,Energy,1,1200
2023-05-30,8691,Boosts,2,13446
2024-01-16,201,Gear,2,90
2024-01-16,140,Weapon,1,4
2023-12-26,201,Weapon,2,165
2024-01-04,6347,Weapon,1,9
2024-01-22,6681,Boosts,2,98
2024-01-26,6350,Weapon,8,309
2024-01-26,4085,Boosts,1,675
2023-06-21,6930,Energy,2,1400
2024-01-30,12643,Gear,1,56550
2024-02-15,1044,Gear,1,450
2024-01-01,14056,Weapon,1,763560
2024-03-13,14056,Boosts,1,4977
2024-01-28,4434,Weapon,5,25
2023-06-09,8691,Boosts,2,13446
2024-02-25,7689,Weapon,1,1350
2024-01-21,7474,Gear,1,4
2024-01-23,98,Weapon,4,378
2023-12-10,3957,Energy,1,1000
2024-01-24,542,Weapon,4,1053
2024-01-24,900,Weapon,2,46
2023-09-16,3212,Boosts,1,149
2024-04-16,6153,Boosts,1,149
2024-03-27,78,Energy,1,200
2024-01-25,3140,Weapon,2,19
2024-02-08,508,Weapon,1,99
2024-02-13,788,Energy,1,100
2024-03-05,3011,Weapon,1,3
2023-10-06,6359,Energy,1,100
2023-12-06,8081,Weapon,1,50
2024-01-20,2092,Weapon,1,133
2024-02-11,6350,Energy,2,600
2023-12-29,14056,Weapon,1,31500
2024-03-22,7672,Energy,2,200
2023-07-07,5679,Weapon,2,350
2023-09-09,2934,Energy,1,300
2024-01-13,433,Boosts,1,1584
2024-01-13,1660,Energy,1,300
2024-02-05,4085,Boosts,1,441
2024-01-29,8732,Weapon,6,520
2024-03-31,9692,Boosts,1,1323
2024-01-22,1962,Weapon,3,32
2024-01-22,6092,Weapon,1,5
2024-01-27,9970,Energy,1,500
2023-12-22,10814,Energy,1,1400
2024-01-06,9739,Weapon,2,924
2024-01-06,17059,Energy,1,1500
2024-02-15,10730,Boosts,1,24817
2023-11-08,6551,Boosts,1,539
2024-01-01,221,Weapon,1,15
2023-11-19,6930,Energy,2,1400
2024-03-13,5388,Boosts,1,632
2024-04-12,11876,Boosts,1,3038
2023-07-21,1671,Energy,1,100
2023-09-05,6359,Weapon,1,8
2024-01-28,13579,Boosts,1,378
2024-01-28,2657,Boosts,1,98
2023-05-19,6930,Energy,5,3500
2024-04-14,5049,Energy,1,100
2024-01-23,1665,Weapon,3,13
2024-01-23,7869,Weapon,1,45
2023-06-27,6930,Boosts,2,6986
2024-01-24,5405,Weapon,1,3
2024-01-11,574,Gear,1,450
2023-12-03,2338,Boosts,1,99
2024-01-10,1759,Weapon,1,10
2024-02-02,1668,Gear,1,2
2024-01-09,10874,Weapon,3,27
2024-03-24,4085,Boosts,1,18
2024-01-13,14313,Weapon,6,319
2024-01-18,2444,Weapon,2,18
2024-01-19,1994,Weapon,3,48
2024-01-22,158,Energy,1,2500
2024-01-22,1419,Weapon,1,5
2024-01-26,6092,Weapon,1,15
2023-11-10,8459,Energy,1,100
2024-01-30,6930,Weapon,2,7000
2024-01-30,5405,Weapon,1,77
2023-10-21,2934,Energy,1,300
2024-01-06,1686,Boosts,1,158
2024-01-01,13797,Weapon,1,100
2024-01-28,12719,Weapon,1,50
2024-01-28,1414,Weapon,1,985
2024-01-07,1602,Weapon,1,6
2024-03-03,13058,Boosts,2,1960
2024-01-21,9416,Gear,1,4
2023-12-30,15878,Weapon,1,15
2023-04-12,3738,Weapon,4,56
2024-03-28,6930,Energy,2,1400
2024-01-23,3543,Weapon,5,108
2024-01-23,5653,Weapon,1,12
2024-01-24,5965,Weapon,2,100
2023-07-01,8879,Weapon,1,25
2024-01-11,1812,Weapon,5,74
2024-01-11,18012,Boosts,1,1715
2023-12-18,8154,Energy,2,400
2023-12-27,15878,Weapon,2,10
2024-01-25,10553,Weapon,5,25
2024-01-25,3614,Weapon,3,15
2024-01-25,1397,Gear,1,14
2024-01-25,12956,Weapon,2,30
2023-09-06,3082,Energy,1,100
2024-03-08,9692,Weapon,1,2997
2024-02-08,5209,Gear,1,85
2024-02-09,3543,Gear,1,60
2024-01-10,1419,Gear,3,11
2024-01-10,9311,Weapon,1,9
2024-01-10,1671,Energy,1,100
2024-01-10,3570,Weapon,2,24
2023-11-22,3391,Weapon,6,41
2024-01-20,4355,Weapon,2,276
2024-01-20,2676,Weapon,3,30
2024-01-15,2657,Weapon,6,180
2024-01-31,5848,Weapon,1,8
2023-07-22,6930,Energy,3,2100
2024-02-07,5881,Weapon,1,5
2024-03-01,4832,Boosts,1,84
2024-01-17,401,Weapon,2,70
2024-01-17,3132,Weapon,1,253
2024-02-16,6930,Boosts,1,3493
2024-03-15,6947,Weapon,1,164
2024-01-19,3041,Weapon,10,518
2024-02-01,5042,Gear,3,24
2024-01-22,6681,Weapon,1,4
2023-11-10,6930,Weapon,4,89306
2024-01-30,3543,Weapon,1,60
2023-12-25,8154,Energy,1,200
2024-01-06,9968,Weapon,6,138
2024-02-03,3011,Weapon,1,21
2024-01-08,2133,Weapon,1,30
2024-01-08,1066,Weapon,2,87
2024-01-28,3350,Energy,4,34800
2024-03-03,5237,Energy,1,900
2024-01-14,1537,Weapon,1,56
2024-02-23,10836,Boosts,1,2772
2024-01-23,6602,Weapon,1,70
2024-01-23,2193,Weapon,1,141
2024-02-27,3957,Boosts,1,790
2023-04-17,8691,Boosts,4,26892
2024-01-24,5883,Weapon,5,75
2024-01-10,8955,Weapon,6,570
2024-01-12,3400,Weapon,1,7
2024-01-09,1613,Weapon,4,98
2023-10-10,6551,Weapon,2,242
2024-01-15,10175,Weapon,5,46
2023-12-29,8154,Energy,2,400
2024-02-16,3744,Energy,1,300
2024-03-22,14313,Boosts,2,7678
2023-08-03,6930,Energy,5,3500
2023-08-03,6930,Boosts,2,5936
2024-01-13,1210,Weapon,4,102
2024-02-05,6930,Gear,3,18571
2024-02-05,16907,Gear,1,24
2023-10-28,5881,Weapon,5,17
2024-01-03,2193,Weapon,1,15
2024-02-14,3400,Weapon,1,2
2024-01-27,9416,Weapon,1,6
2024-01-06,12579,Weapon,1,15
2024-01-06,7668,Energy,1,15200
2024-01-01,1602,Weapon,1,4
2024-02-03,12060,Boosts,1,4059
2024-03-23,565,Boosts,2,972
2024-01-02,7469,Weapon,1,12
2024-01-02,6835,Weapon,4,34
2024-01-08,860,Weapon,2,1190
2024-01-08,12823,Weapon,4,60
2023-09-05,7061,Weapon,2,72
2024-03-03,3953,Weapon,5,660
2024-02-25,14393,Boosts,1,45
2024-04-14,732,Weapon,1,2226
2024-01-21,9482,Weapon,1,14
2024-01-21,158,Energy,1,2500
2024-04-02,1735,Boosts,1,98
2024-01-23,6339,Energy,1,700
2023-08-21,7061,Weapon,1,15
2024-02-26,9595,Weapon,1,14
2024-01-24,201,Boosts,1,735
2024-01-05,11847,Weapon,3,13
2024-01-25,8652,Weapon,2,574
2024-02-21,1833,Weapon,1,1
2024-01-20,3041,Weapon,1,119
2023-11-26,9222,Weapon,3,35
2023-11-26,13058,Boosts,1,1980
2024-01-17,14313,Weapon,1,66
2024-01-17,3011,Weapon,5,25
2023-12-29,1580,Weapon,5,1160
2023-12-29,201,Weapon,2,720
2024-02-18,9595,Weapon,4,57
2024-01-16,1660,Weapon,1,84
2024-01-13,201,Weapon,1,150
2024-01-13,3864,Weapon,1,10
2024-01-19,4945,Weapon,1,66
2024-02-14,11544,Gear,1,30150
2024-01-30,7127,Boosts,1,49
2024-02-15,1962,Weapon,1,10
2024-02-03,3295,Weapon,2,20250
2024-01-08,3164,Weapon,3,90
2024-03-26,3543,Weapon,6,280
2024-04-12,4387,Gear,1,43785
2024-04-12,1962,Energy,1,100
2024-01-21,3923,Weapon,2,28
2024-01-21,2676,Weapon,1,30
2023-06-16,6458,Weapon,1,234
2024-01-23,1962,Weapon,1,13
2024-01-23,247,Gear,3,462
2024-02-12,5042,Gear,2,48
2023-04-23,10730,Energy,1,8300
2024-01-11,7534,Weapon,5,25
2024-01-05,1573,Gear,3,540
2024-01-25,5862,Weapon,1,32
2024-01-10,5462,Weapon,1,10
2024-02-02,4974,Weapon,2,92
2024-03-24,8691,Boosts,2,13446
2024-01-31,13212,Gear,4,38
2024-04-06,3177,Boosts,1,1782
2023-12-24,201,Weapon,2,660
2024-03-01,1660,Boosts,1,147
2023-06-30,6930,Energy,3,2100
2024-01-17,10877,Gear,3,297
2024-01-17,5797,Weapon,2,34
2023-11-24,6031,Energy,2,200
2023-12-29,6423,Weapon,2,972
2024-02-16,3892,Gear,1,64
2024-01-16,2646,Weapon,3,78
2024-03-15,565,Boosts,1,891
2024-01-13,13678,Weapon,3,40
2024-01-13,8976,Weapon,1,5
2024-01-18,8731,Weapon,1,2
2024-02-29,13435,Energy,1,100
2024-03-10,9692,Weapon,1,432
2024-04-11,1613,Gear,1,8
2024-04-11,14584,Energy,1,1300
2024-01-03,2773,Energy,3,1200
2024-01-22,13709,Weapon,1,25
2024-02-14,78,Energy,1,200
2024-01-30,3295,Gear,2,48
2024-02-03,6930,Boosts,3,1750
2024-02-17,13058,Boosts,1,980
2024-02-25,1635,Boosts,1,2277
2024-03-18,163,Weapon,1,45
2024-01-23,4223,Gear,2,39
2024-01-23,2560,Weapon,3,2702
2024-01-11,7632,Weapon,1,30
2024-02-08,4945,Gear,1,330
2023-12-03,10814,Weapon,1,210
2024-02-09,3400,Weapon,1,30
2024-01-12,5797,Weapon,1,5
2024-03-09,14313,Boosts,5,5775
2024-01-20,5525,Weapon,1,15
2023-12-24,4650,Weapon,2,80
2023-07-18,6930,Boosts,1,3143
2024-02-16,10393,Boosts,1,2178
2023-05-21,6930,Gear,1,497
2024-01-16,5648,Weapon,1,10
2024-02-01,201,Weapon,1,60
2024-01-22,13663,Weapon,1,35
2024-01-22,3140,Weapon,5,25
2024-01-26,5965,Weapon,7,540
2024-01-26,8779,Weapon,3,38
2024-01-06,5362,Weapon,1,10
2024-01-06,11189,Weapon,1,142
2023-12-28,201,Weapon,1,225
2024-02-17,7432,Weapon,1,4
2024-02-17,6930,Weapon,1,4193
2024-01-08,3883,Energy,1,600
2024-04-12,18012,Weapon,1,280
2023-07-06,2972,Weapon,1,3
2024-03-03,6895,Weapon,1,165
2024-01-14,1660,Weapon,8,1590
2023-09-03,5389,Gear,1,11
2024-01-11,4945,Weapon,1,330
2023-07-23,1671,Boosts,1,199
2023-04-16,7622,Energy,1,100
2024-01-25,4298,Gear,1,350
2024-01-09,13360,Weapon,2,10
2023-07-11,6602,Weapon,1,105
2023-05-14,6930,Gear,2,73675
2023-08-23,5929,Weapon,1,15
2024-01-17,5797,Gear,1,2
2024-03-22,1665,Weapon,1,14
2024-02-18,11439,Boosts,1,198
2023-05-30,6930,Energy,1,700
2024-03-21,11339,Boosts,2,98
2024-01-04,2773,Boosts,1,1996
2023-09-25,19697,Energy,1,300
2024-01-18,4217,Gear,1,56
2024-01-18,10747,Weapon,1,4
2024-01-19,1323,Weapon,3,104
2024-01-19,11557,Weapon,3,150
2024-01-29,5682,Gear,1,3
2024-02-29,140,Boosts,1,98
2023-07-19,10330,Gear,1,95
2024-02-01,2417,Gear,4,18
2023-08-25,7061,Weapon,1,50
2024-03-23,5006,Boosts,1,14454
2023-08-20,5929,Weapon,4,20
2024-01-07,13162,Weapon,2,12
2024-01-07,860,Weapon,1,357
2024-03-02,3953,Weapon,3,330
2023-11-15,3957,Energy,1,1000
2024-01-14,8767,Energy,1,1000
2024-01-23,13709,Weapon,3,200
2024-03-25,11439,Weapon,2,2794
2024-03-08,161,Weapon,1,8
2024-02-09,10730,Gear,1,285935
2024-01-10,5238,Weapon,2,38
2024-01-10,6714,Weapon,1,30
2024-01-12,4151,Gear,1,4
2023-12-09,8154,Energy,2,400
2024-01-20,4085,Gear,1,45
2024-01-20,574,Weapon,2,2
2024-01-15,5729,Gear,5,27
2024-04-06,9692,Boosts,2,2646
2023-12-29,5167,Weapon,1,12
2024-02-28,12643,Energy,1,3000
2024-01-04,619,Weapon,1,288
2024-01-04,2249,Weapon,2,624
2024-01-13,3401,Weapon,7,3570
2024-01-13,1660,Weapon,6,315
2024-01-13,3543,Weapon,4,188
2024-01-13,687,Weapon,1,175
2024-01-18,19409,Weapon,5,2108
2024-01-29,7903,Gear,5,91
2024-01-29,2417,Weapon,1,2
2024-03-23,1660,Boosts,1,147
2024-01-08,3050,Weapon,1,30
2024-01-08,15535,Boosts,1,147
2024-01-07,9970,Energy,11,5500
2024-01-07,12579,Weapon,3,135
2024-01-07,13187,Weapon,4,120
2023-06-09,6930,Weapon,6,72611
2024-01-14,16272,Weapon,2,210
2024-03-18,46,Energy,1,100
2023-12-19,7830,Weapon,3,30
2024-01-21,9416,Weapon,5,64
2024-01-21,3614,Weapon,1,15
2024-02-23,4832,Boosts,1,196
2024-02-26,5883,Weapon,1,3
2024-02-10,3011,Weapon,3,51
2024-01-24,1786,Boosts,1,552
2024-01-11,4832,Weapon,4,556
2024-01-05,1580,Weapon,1,377
2023-06-17,13058,Energy,1,2000
2023-05-17,6930,Weapon,1,126
2024-01-25,3953,Weapon,1,121
2024-01-09,16542,Gear,2,12
2024-01-20,4932,Weapon,2,187
2024-01-15,2092,Weapon,2,154
2024-01-15,3147,Weapon,1,10
2024-03-04,13058,Boosts,1,980
2024-02-06,8779,Boosts,1,49
2023-12-29,1419,Weapon,1,5
2023-12-29,10063,Weapon,1,1394
2024-02-16,13579,Gear,1,14
2024-01-04,5238,Weapon,4,47
2024-01-13,3053,Gear,2,20723
2024-01-13,8898,Weapon,8,210
2024-02-05,9119,Weapon,1,8142
2023-10-29,19697,Energy,1,300
2024-01-22,2564,Gear,6,1064
2024-02-14,201,Boosts,1,735
2024-01-27,7346,Weapon,2,20
2023-12-25,1580,Weapon,2,58
2024-01-06,13058,Energy,1,2000
2024-01-01,8043,Weapon,8,3920
2024-01-01,4650,Weapon,3,72
2024-03-13,14307,Weapon,1,52
2024-01-02,10694,Weapon,1,1089
2023-07-13,7622,Energy,1,100
2024-04-03,3879,Weapon,1,1500
2024-02-24,3413,Boosts,1,99
2024-04-05,9692,Boosts,3,18819
2023-08-28,2934,Weapon,2,246
2024-01-21,11557,Weapon,1,110
2024-01-21,8691,Boosts,4,26892
2024-02-10,2417,Gear,1,8
2024-02-10,1397,Gear,1,14
2024-01-24,8292,Weapon,2,624
2024-01-24,2986,Weapon,4,64
2024-01-24,788,Energy,1,100
2024-03-16,158,Boosts,1,2475
2024-02-02,12370,Weapon,1,18
2024-01-09,10063,Weapon,2,615
2024-01-15,5825,Gear,1,12
2024-02-06,11189,Energy,1,200
2024-04-10,1300,Weapon,1,6000
2024-03-01,12643,Energy,1,3000
2024-01-17,4074,Gear,2,12
2024-01-04,3798,Weapon,1,65
2023-10-15,10505,Weapon,2,665
2024-01-19,10175,Weapon,1,15
2024-01-03,7668,Energy,1,15200
2023-12-25,4217,Weapon,1,392
2024-01-28,971,Weapon,1,30
2024-01-14,11443,Weapon,1,6
2023-10-13,7061,Boosts,1,49
2023-06-20,6930,Energy,5,3500
2024-01-21,1870,Weapon,1,117
2024-03-30,3177,Boosts,1,1638
2024-01-23,1773,Weapon,1,18
2024-01-23,1127,Weapon,2,120
2024-04-16,14584,Energy,1,1300
2024-01-11,497,Energy,1,200
2024-01-25,4653,Weapon,1,15
2023-08-19,19697,Energy,1,300
2024-01-12,8879,Weapon,1,375
2024-02-13,3892,Gear,1,32
2024-01-15,1670,Weapon,8,315
2024-02-06,9726,Gear,1,2
2023-07-08,5679,Weapon,1,455
2024-03-01,11439,Energy,1,200
2023-06-30,10330,Energy,1,1900
2023-11-30,8793,Energy,1,100
2023-12-05,3957,Energy,1,1000
2023-08-07,6930,Energy,1,700
2024-01-04,10874,Weapon,3,15
2024-01-13,4516,Weapon,3,315
2024-01-29,7903,Boosts,1,69
2024-02-29,2092,Energy,1,700
2023-12-31,8154,Energy,4,800
2024-02-01,13212,Gear,2,6
2024-01-26,10249,Weapon,1,12
2024-01-26,201,Boosts,1,735
2024-01-26,542,Energy,1,2700
2024-02-15,10137,Boosts,1,1587
2024-02-15,861,Weapon,1,189
2023-11-17,3391,Weapon,5,31
2024-01-08,13162,Weapon,3,35
2024-01-08,4945,Weapon,4,880
2024-01-28,6657,Weapon,1,33
2024-01-28,11584,Weapon,3,126
2023-08-29,2934,Energy,1,300
2024-01-07,3350,Energy,1,8700
2024-01-14,12719,Gear,2,30
2024-01-23,1208,Weapon,2,150
2024-02-26,200,Boosts,2,684
2023-04-30,2323,Weapon,1,63
2024-02-12,11320,Weapon,1,98
2024-01-24,4298,Weapon,1,1680
2024-01-24,7291,Weapon,1,30
2023-07-01,6602,Weapon,1,35
2024-03-12,78,Energy,1,200
2024-02-02,4832,Boosts,1,396
2024-01-17,5825,Gear,1,12
2023-11-25,9222,Weapon,2,6
2024-01-16,1323,Weapon,1,8
2023-11-13,6573,Weapon,2,30
2024-01-13,1981,Weapon,1,12
2024-02-05,1660,Weapon,1,12
2024-04-13,158,Energy,1,2500
2024-04-13,7679,Boosts,1,6138
2023-10-29,5881,Weapon,1,3300
2024-01-27,5965,Gear,1,20
2024-01-27,5006,Weapon,1,20586
2023-12-22,1511,Weapon,5,35
2024-01-06,2145,Boosts,1,99
2024-02-15,4945,Weapon,3,550
2024-01-08,7920,Weapon,1,460
2024-01-28,1833,Weapon,5,68
2024-01-28,1660,Boosts,2,1044
2024-01-07,3413,Weapon,7,41
2024-02-24,201,Boosts,1,735
2023-06-09,6930,Energy,5,3500
2024-01-14,7668,Energy,1,15200
2024-01-23,3047,Weapon,1,45
2023-06-27,6930,Energy,5,3500
2024-01-24,3429,Weapon,5,46
2024-01-24,4653,Weapon,6,90
2023-09-15,6930,Energy,3,2100
2023-10-11,6573,Weapon,1,7
2024-01-05,3798,Weapon,1,195
2024-03-16,3047,Boosts,1,995
2024-03-16,3413,Energy,1,100
2024-01-25,11584,Weapon,1,30
2024-01-25,7463,Weapon,1,64
2024-02-08,6681,Gear,2,4
2024-02-19,14307,Weapon,1,296
2024-02-09,7830,Weapon,1,2
2023-12-15,10814,Energy,1,1400
2024-01-12,5825,Weapon,5,204
2024-01-12,574,Weapon,17,2971
2024-01-12,10814,Boosts,1,686
2023-08-04,6930,Energy,2,1400
2023-10-06,4430,Boosts,1,198
2024-01-20,9482,Weapon,7,95
2024-01-15,9411,Energy,1,100
2024-02-16,3401,Boosts,1,3430
2024-02-16,433,Gear,1,3392
2024-02-18,3957,Energy,1,1000
2024-01-16,3748,Weapon,2,16
2024-01-16,14974,Weapon,1,20
2023-06-02,6930,Energy,3,2100
2024-01-13,1985,Weapon,1,15
2024-01-13,13068,Weapon,1,5
2024-01-18,3543,Weapon,1,24
2024-01-19,9157,Weapon,2,20
2024-04-13,9692,Energy,2,5400
2023-10-01,7950,Weapon,1,12
2024-01-22,3008,Weapon,1,5
2023-07-12,6930,Energy,3,2100
2023-09-24,11339,Energy,1,100
2023-04-14,7622,Energy,6,600
2024-01-01,3744,Energy,1,300
2023-12-02,10804,Energy,1,100
2024-01-02,3406,Weapon,5,77
2024-01-28,1633,Weapon,3,34
2024-01-28,11320,Weapon,1,12
2024-01-14,3401,Weapon,5,2380
2024-01-21,2908,Weapon,3,245
2024-01-23,3294,Weapon,10,2645
2024-02-27,78,Energy,2,400
2024-02-26,2084,Boosts,1,237
2024-02-10,2417,Weapon,2,28
2024-02-10,6153,Boosts,1,49
2024-01-11,574,Weapon,12,170
2024-01-05,433,Boosts,1,1584
2024-03-08,14584,Energy,1,1300
2024-03-08,1962,Gear,1,18
2024-03-08,14313,Gear,2,1155
2024-01-12,3864,Weapon,4,40
2024-01-12,13058,Boosts,1,980
2024-04-07,11016,Boosts,1,49
2024-02-18,530,Energy,1,200
2024-02-28,1660,Weapon,1,33
2024-01-13,5160,Energy,3,300
2024-01-18,10890,Weapon,2,460
2024-01-19,9692,Gear,1,162
2024-01-19,36,Weapon,1,29
2024-01-19,6638,Gear,2,8
2024-03-10,14313,Weapon,5,19580
2024-01-22,4516,Boosts,1,1029
2024-01-26,1264,Weapon,1,15
2024-01-27,10836,Weapon,1,1008
2024-01-06,1602,Weapon,6,104
2024-01-01,5283,Weapon,1,93
2024-02-03,6638,Gear,1,8
2024-03-23,2721,Energy,1,700
2024-02-17,10890,Weapon,1,276
2023-08-20,6930,Gear,1,931
2023-07-21,1671,Gear,1,5
2024-01-14,8898,Weapon,23,230
2023-07-25,6930,Energy,2,1400
2024-01-21,12333,Weapon,6,42
2024-02-23,1668,Boosts,1,53
2023-12-30,1573,Weapon,2,450
2024-01-23,2571,Weapon,3,90
2023-12-10,3744,Energy,1,300
2024-01-11,4216,Weapon,2,26
2024-01-11,574,Energy,4,400
2024-01-11,3413,Weapon,3,27
2024-01-05,9645,Weapon,2,25
2024-01-10,4516,Weapon,5,525
2024-01-12,4074,Weapon,1,60
2024-02-02,1668,Weapon,7,13
2023-07-05,6458,Weapon,1,540
2024-01-20,2908,Weapon,1,35
2024-01-15,201,Weapon,1,510
2023-09-18,3957,Weapon,1,150
2024-03-01,3295,Boosts,1,294
2024-02-16,7520,Energy,2,1400
2024-02-16,7127,Weapon,1,12
2024-01-16,1323,Gear,2,32
2024-01-04,10070,Weapon,5,25
2024-01-13,3543,Gear,3,44
2024-01-13,11443,Weapon,1,5
2024-01-19,7291,Weapon,1,7
2024-01-29,15849,Weapon,2,29
2024-02-29,11439,Energy,1,200
2024-03-31,5006,Boosts,1,14454
2023-12-31,3132,Weapon,5,275
2024-01-03,3744,Energy,1,300
2024-01-26,6493,Gear,1,8
2023-11-08,6573,Weapon,1,15
2024-02-20,78,Energy,1,200
2024-03-23,9692,Energy,2,5400
2024-03-13,1660,Boosts,1,147
2024-01-08,732,Weapon,1,2282
2024-01-28,15849,Weapon,3,15
2024-01-28,2453,Gear,1,2
2024-01-28,11802,Weapon,1,30
2024-01-28,3878,Weapon,1,7
2024-01-21,4848,Weapon,4,41
2023-10-16,3957,Energy,1,1000
2024-01-11,5444,Weapon,5,594
2023-05-28,9463,Weapon,3,60
2024-02-08,2908,Gear,4,91
2024-01-10,5388,Gear,2,48
2024-02-02,9970,Energy,2,1000
2024-01-15,10393,Weapon,7,2046
2024-01-15,3748,Weapon,5,132
2023-12-20,18012,Weapon,2,350
2023-07-27,1671,Energy,1,100
2024-01-17,8028,Energy,3,27300
2024-01-17,10890,Weapon,1,92
2023-11-25,6031,Energy,3,300
2023-06-10,6930,Energy,3,2100
2024-01-18,8955,Weapon,1,379
2024-02-05,11339,Boosts,2,98
2024-02-05,4013,Energy,1,200
2024-01-29,9595,Weapon,2,25
2024-01-22,5525,Weapon,11,30
2024-01-26,3308,Weapon,6,62
2023-05-13,7622,Energy,2,200
2024-02-03,9970,Energy,1,500
2023-05-07,11016,Weapon,4,38
2024-01-08,4147,Weapon,2,40
2024-01-08,8154,Energy,3,600
2024-01-28,1668,Weapon,2,27
2024-02-24,6153,Boosts,1,49
2024-01-14,11808,Weapon,4,44
2023-08-15,6930,Energy,2,1400
2024-01-21,2193,Weapon,2,57
2024-02-23,732,Weapon,2,2191
2023-12-30,9645,Weapon,1,5
2024-02-10,1962,Weapon,2,29
2024-01-11,12719,Weapon,1,75
2024-01-05,3334,Weapon,5,19
2024-03-16,19697,Boosts,1,297
2024-02-08,201,Boosts,1,735
2024-02-19,2590,Weapon,1,14
2024-01-12,7534,Weapon,1,5
2024-01-12,5160,Energy,9,900
2023-08-04,6930,Boosts,1,3143
2024-01-20,7564,Weapon,1,50
2024-01-20,11557,Weapon,3,360
2024-02-22,1962,Energy,1,100
2024-03-01,158,Energy,1,2500
2023-07-30,6930,Energy,2,1400
2023-12-26,7295,Weapon,6,4056
2023-12-26,565,Weapon,3,351
2024-01-13,5797,Weapon,3,37
2024-01-13,2092,Weapon,1,35
2024-01-19,1660,Weapon,1,180
2024-01-29,2332,Weapon,1,50
2024-01-29,5525,Weapon,3,4
2024-03-10,4085,Gear,2,4068
2024-01-28,1127,Weapon,1,40
2024-01-07,8006,Weapon,1,3
2023-10-19,433,Weapon,2,560
2024-01-14,5187,Weapon,2,15
2023-08-24,6930,Energy,3,2100
2024-01-23,1660,Weapon,3,1458
2024-01-23,5525,Weapon,1,1
2024-01-23,5648,Weapon,2,54
2023-05-05,8691,Boosts,2,13446
2024-02-12,6947,Weapon,1,7
2023-09-21,5049,Weapon,1,207
2024-01-05,5136,Weapon,2,22
2024-01-25,11557,Weapon,1,110
2024-02-08,5965,Gear,1,50
2023-06-04,6930,Energy,3,2100
2023-11-22,10505,Energy,4,14000
2024-01-09,5729,Gear,2,6
2024-01-15,3570,Weapon,2,18
2023-12-24,8154,Energy,9,1800
2024-03-01,10814,Boosts,1,1386
2024-01-17,10992,Weapon,1,650
2024-01-17,10806,Weapon,2,29
2023-06-10,10804,Weapon,1,5
2024-01-19,574,Weapon,5,59
2024-02-29,5883,Weapon,2,75
2023-06-05,8691,Boosts,2,13446
2024-01-03,9929,Energy,1,200
2024-01-03,4650,Weapon,1,24
2024-01-26,10193,Weapon,3,123
2024-01-26,2571,Weapon,2,60
2024-01-30,4387,Gear,1,3150
2023-12-25,9784,Weapon,4,80
2024-02-03,2908,Boosts,1,343
2024-02-03,3295,Gear,1,14940
2024-02-17,10745,Boosts,1,9238
2024-02-17,3235,Weapon,1,18000
2024-01-02,6595,Weapon,1,30
2024-01-07,3164,Weapon,5,50
2023-10-19,6551,Weapon,1,99
2023-11-01,19697,Energy,1,300
2024-01-14,2342,Weapon,1,49
2024-01-21,4085,Gear,1,36
2024-01-23,3429,Weapon,3,45
2024-02-12,10505,Energy,1,3500
2023-04-29,10378,Boosts,1,196
2023-12-11,10804,Energy,1,100
2024-03-12,4085,Gear,6,7200
2023-09-03,3212,Boosts,1,199
2023-12-14,3744,Energy,1,300
2024-01-05,7277,Weapon,4,100
2023-07-04,8879,Weapon,1,75
2024-01-25,1786,Weapon,2,100960
2024-01-25,16907,Weapon,2,174
2024-02-13,13187,Boosts,1,98
2024-01-09,1066,Weapon,2,90
2023-06-19,4430,Energy,1,200
2023-05-25,6458,Weapon,2,162
2024-01-17,15254,Weapon,1,40
2023-12-05,565,Weapon,1,45
2024-01-13,1323,Weapon,5,260
2024-01-13,5237,Weapon,1,513
2024-01-13,5760,Weapon,2,648
2024-01-19,8453,Weapon,1,30
2023-12-31,1580,Weapon,1,435
2024-02-01,46,Weapon,4,48
2024-02-01,4832,Gear,1,56
2024-01-03,5848,Weapon,4,17
2024-01-03,5283,Weapon,1,465
2024-01-27,11884,Weapon,1,150
2024-01-30,17059,Boosts,1,1185
2023-05-07,6930,Weapon,3,77084
2024-01-02,13162,Weapon,2,31
2024-01-07,497,Energy,1,200
2023-09-13,6930,Energy,4,2800
2023-05-27,6930,Energy,1,700
2024-01-21,14313,Gear,4,209
2024-01-21,8372,Weapon,1,18
2024-01-23,807,Weapon,3,60
2023-08-21,6930,Energy,2,1400
2024-02-10,11016,Gear,1,14
2024-02-12,16907,Weapon,3,336
2024-01-24,5811,Energy,1,100
2023-10-05,3957,Weapon,1,110
2023-12-27,9929,Energy,1,200
2024-01-10,9970,Boosts,2,490
2024-02-02,19697,Boosts,2,894
2024-03-05,1208,Weapon,1,2500
2023-06-14,6458,Boosts,1,882
2023-12-24,530,Weapon,2,58
2024-02-06,7463,Boosts,1,69
2024-04-10,1414,Weapon,1,98500
2024-01-17,7668,Energy,1,15200
2024-02-16,5653,Boosts,1,207
2024-03-22,14313,Weapon,1,1661
2024-02-18,7520,Energy,1,700
2023-06-10,8691,Boosts,6,88938
2024-01-16,12719,Boosts,1,245
2023-11-13,8459,Energy,1,100
2024-01-13,8955,Gear,1,11
2024-01-19,9482,Weapon,3,11
2024-04-13,8192,Weapon,1,6
2023-06-22,6930,Energy,2,1400
2024-01-22,3465,Weapon,5,75
2024-01-22,3295,Weapon,1,30
2024-01-22,4415,Weapon,1,305
2024-01-22,14313,Weapon,1,11
2024-01-26,1660,Gear,1,45
2024-01-30,4945,Weapon,1,88
2023-11-08,10505,Energy,1,3500
2023-06-11,6930,Boosts,1,693
2024-01-08,1735,Weapon,5,50
2023-07-15,6930,Boosts,5,15365
2024-02-23,4387,Boosts,1,693
2023-12-30,1580,Weapon,1,435
2024-03-30,4838,Gear,1,6
2024-01-11,12823,Weapon,1,12
2024-02-04,7295,Boosts,1,5928
2023-07-23,1671,Energy,2,200
2024-01-25,5653,Weapon,1,36
2023-12-03,3744,Weapon,1,6
2024-02-19,3164,Gear,1,10
2024-02-09,10890,Boosts,2,6808
2024-02-09,8652,Weapon,1,410
2024-02-02,5003,Gear,1,207
2023-07-05,6930,Energy,3,2100
2024-01-09,6573,Weapon,1,15
2024-01-15,15254,Gear,1,16
2024-02-07,6308,Gear,1,5
2024-02-22,4088,Weapon,1,54
2024-01-17,9157,Weapon,1,5
2023-09-02,6930,Energy,4,2800
2024-01-19,3011,Weapon,3,27
2023-12-31,1419,Weapon,8,80
2024-01-03,6347,Weapon,7,55
2024-01-26,1419,Weapon,1,75
2024-01-27,4085,Gear,1,171
2024-01-30,7920,Gear,1,60
2024-01-08,7517,Weapon,3,1960
2024-01-28,276,Weapon,1,5
2023-08-29,6930,Energy,2,1400
2024-01-21,807,Weapon,6,77
2024-01-21,3570,Weapon,3,69
2024-01-21,2907,Weapon,1,75
2024-01-23,9692,Boosts,1,1323
2024-01-23,14313,Weapon,1,396
2023-06-23,6458,Weapon,1,252
2024-02-12,14313,Boosts,2,1078
2023-08-17,7061,Weapon,11,99
2024-01-24,3892,Boosts,1,784
2023-04-21,8691,Energy,1,2700
2024-04-16,9692,Energy,2,5400
2024-01-11,9692,Weapon,5,675
2024-01-05,4123,Weapon,5,25
2023-12-27,201,Weapon,2,210
2024-01-25,10393,Weapon,1,66
2024-03-08,6573,Weapon,1,48
2024-02-08,9416,Gear,3,12
2024-01-10,158,Weapon,1,125
2024-01-10,7291,Weapon,1,5
2024-02-13,3744,Energy,1,300
2023-11-14,6930,Boosts,1,3143
2024-03-05,78,Energy,1,200
2024-01-15,7520,Weapon,2,63
2023-12-24,565,Weapon,1,72
2024-02-07,3011,Weapon,2,15
2024-02-07,6681,Boosts,1,79
2024-02-07,161,Weapon,1,13
2024-01-17,9311,Weapon,1,3
2024-01-13,8955,Weapon,2,306
2024-01-19,788,Energy,1,100
2024-02-01,140,Boosts,2,294
2024-01-22,1208,Weapon,2,50
2024-01-26,1833,Weapon,1,4
2024-01-01,13162,Weapon,1,10
2024-03-14,7666,Energy,2,400
2024-01-08,497,Weapon,1,16
2024-01-08,6339,Energy,1,700
2024-01-08,6835,Weapon,1,96
2024-01-28,8732,Gear,2,195
2024-01-28,13058,Boosts,1,20
2024-01-14,497,Boosts,1,98
2023-12-30,1985,Weapon,9,75
2023-08-08,7061,Weapon,3,15
2024-02-10,11439,Weapon,1,11760
2024-01-24,1397,Weapon,1,91
2024-03-17,1924,Boosts,1,396
2024-01-11,1660,Energy,2,600
2023-12-14,9929,Weapon,1,14
2024-01-05,14258,Weapon,2,30
2024-01-05,1419,Weapon,2,15
2024-02-08,163,Weapon,1,18
2024-02-19,781,Weapon,1,500
2024-02-19,10393,Gear,2,132
2024-01-12,6127,Gear,1,8
2024-02-13,9645,Energy,9,900
2023-05-06,11016,Weapon,3,34
2024-01-09,3334,Weapon,1,15
2024-01-09,5862,Weapon,6,272
2024-01-20,14262,Weapon,2,29
2024-01-15,3543,Weapon,5,136
2024-03-07,783,Gear,3,283955
2024-03-01,1962,Energy,1,100
2023-11-26,19697,Energy,2,600
2024-01-17,3944,Weapon,1,10
2024-01-16,13663,Weapon,1,70
2023-08-02,6602,Weapon,1,287
2024-01-04,3610,Weapon,2,50
2024-01-13,4074,Gear,2,24
2024-02-05,3229,Weapon,1,34
2024-01-29,1127,Weapon,2,84
2024-02-29,3748,Weapon,2,56
2024-01-03,5362,Weapon,1,5
2024-01-26,5042,Gear,1,12
2024-01-26,17681,Weapon,2,20
2024-01-27,1668,Weapon,4,26
2024-01-27,1666,Weapon,1,15
2024-03-20,14056,Boosts,2,8064
2023-06-26,4189,Energy,1,1100
2024-02-17,3953,Weapon,3,671
2023-07-21,1671,Weapon,2,11113
2024-01-07,3745,Boosts,1,79
2024-01-21,3508,Weapon,1,85
2024-01-23,6251,Weapon,5,52
2024-02-10,542,Energy,1,2700
2024-01-24,9645,Energy,2,200
2024-01-24,3008,Weapon,3,33
2024-01-25,2590,Weapon,5,25
2024-01-25,5944,Weapon,1,33
2023-11-07,6551,Boosts,1,539
2024-02-19,3401,Gear,3,630
2024-01-12,3256,Weapon,1,18
2024-01-12,860,Weapon,4,4998
2024-02-02,12719,Weapon,1,185
2023-07-03,8879,Weapon,5,275
2023-11-14,2934,Energy,1,300
2024-01-09,13663,Weapon,4,155
2024-01-15,10651,Energy,1,100
2024-03-07,14313,Gear,18,71599
2023-11-28,8359,Weapon,1,10
2024-01-17,9970,Energy,3,1500
2024-02-16,1962,Weapon,4,58
2023-12-16,3744,Energy,2,600
2024-01-04,2773,Weapon,1,52
2024-01-13,4832,Weapon,2,188
2024-01-13,5862,Weapon,1,80
2024-01-19,8879,Boosts,1,245
2024-01-29,6233,Gear,1,2
2024-03-10,8767,Weapon,1,100
2024-01-03,1602,Weapon,7,144
2024-01-22,10175,Weapon,1,100
2024-01-26,542,Weapon,1,189
2024-01-27,5006,Boosts,1,730
2023-12-28,6423,Weapon,4,1080
2024-01-08,5848,Weapon,3,20
2024-04-12,1994,Boosts,1,98
2023-11-15,13223,Weapon,1,3
2024-01-14,5462,Weapon,1,30
2024-04-14,9692,Energy,1,2700
2024-01-21,14313,Weapon,7,2519
2024-01-23,10942,Weapon,1,3
2024-02-12,3744,Energy,6,1800
2024-01-11,12106,Weapon,1,15
2024-01-10,12920,Weapon,6,330
2024-01-12,107,Weapon,2,10
2024-01-12,14056,Weapon,1,102060
2024-01-12,10378,Boosts,1,396
2024-02-13,8732,Energy,2,2600
2023-07-03,6930,Energy,2,1400
2024-02-07,4945,Weapon,2,462
2024-04-07,4974,Weapon,1,23000
2023-09-17,11016,Weapon,1,91
2024-01-17,3543,Weapon,1,228
2024-01-04,14974,Weapon,4,104
2024-01-13,111,Weapon,6,195
2024-01-18,5682,Weapon,2,18
2024-01-18,15851,Weapon,4,24
2024-01-29,1668,Weapon,4,15
2024-01-29,1665,Weapon,1,41
2024-02-01,542,Energy,1,2700
2024-01-03,5729,Weapon,3,17
2024-01-22,247,Gear,1,84
2024-01-26,6339,Energy,1,700
2024-02-14,6930,Energy,1,700
2024-01-27,9595,Weapon,4,17
2024-01-27,2908,Weapon,4,161
2024-01-30,7463,Weapon,1,14
2024-01-06,2146,Weapon,1,12
2024-01-06,15120,Weapon,1,25
2023-05-01,8691,Boosts,2,13446
2024-02-20,1660,Boosts,1,147
2024-01-08,5848,Gear,2,6
2024-01-08,385,Weapon,1,50
2024-01-07,10651,Weapon,1,7
2024-01-07,3570,Weapon,4,18
2024-01-07,8731,Weapon,1,5
2024-01-14,3957,Boosts,1,990
2023-12-19,7835,Weapon,1,5
2024-01-21,7668,Boosts,1,15048
2024-03-28,13058,Energy,1,2000
2024-04-02,14056,Boosts,1,3087
2024-01-23,1323,Weapon,2,148
2023-11-16,6930,Energy,4,2800
2024-02-12,3780,Energy,1,100
2024-01-24,8955,Weapon,1,31
2024-01-24,4223,Gear,1,342
2023-09-01,6930,Energy,2,1400
2024-01-05,10874,Weapon,1,5
2024-02-04,13579,Gear,1,56
2024-02-04,3439,Energy,1,100
2024-01-25,3350,Energy,4,34800
2024-01-25,5237,Weapon,1,279
2024-02-09,6930,Energy,3,2100
2024-02-02,6308,Gear,1,1
2024-02-13,9645,Weapon,3,58
2023-12-06,9929,Weapon,1,24
2024-03-24,1686,Boosts,1,398
2023-10-10,433,Weapon,1,560
2023-12-24,2146,Weapon,4,51
2023-07-20,3738,Gear,1,500
2024-01-16,530,Weapon,1,20
2023-11-13,4223,Weapon,2,51
2023-12-26,9929,Weapon,3,20
2023-06-02,3174,Boosts,1,99
2024-01-04,5422,Weapon,3,175
2024-01-18,10814,Boosts,1,686
2024-01-18,5525,Weapon,1,11
2024-01-19,13292,Weapon,5,75
2024-01-29,5883,Weapon,5,108
2024-03-10,1962,Weapon,1,11
2024-01-22,6251,Weapon,3,23
2024-01-26,3429,Weapon,1,15
2024-01-27,1665,Weapon,2,30
2024-01-27,3350,Energy,7,60900
2024-01-30,3008,Weapon,1,14
2024-01-06,1635,Weapon,1,92
2024-02-15,4013,Energy,1,200
2024-03-23,2092,Energy,1,700
2023-05-19,11016,Weapon,1,15
2024-01-07,18012,Weapon,1,420
2024-01-07,3053,Energy,1,1700
2024-01-21,4932,Weapon,2,253
2024-01-24,4848,Weapon,1,15
2024-01-25,3308,Weapon,5,25
2023-07-16,7542,Weapon,1,15
2024-01-10,2145,Gear,1,2
2024-01-10,4074,Weapon,3,60
2023-10-22,2686,Energy,1,100
2023-11-14,4223,Weapon,2,54
2024-03-05,7295,Weapon,1,624
2024-01-20,7291,Weapon,1,6
2024-01-15,8028,Energy,1,9100
2024-01-15,8292,Weapon,3,676
2023-12-24,8997,Weapon,4,44
2024-02-06,17681,Weapon,1,24
2024-01-16,3543,Weapon,1,16
2024-01-16,7679,Weapon,1,310
2024-03-15,4085,Gear,1,10935
2023-09-02,11016,Weapon,2,145
2024-01-13,13663,Weapon,3,20
2024-01-18,2908,Weapon,5,175
2024-01-19,8292,Weapon,2,104
2024-02-29,8691,Boosts,2,13446
2023-10-29,5881,Energy,2,200
2024-01-26,8732,Gear,1,52
2024-01-26,7154,Weapon,5,225
2024-01-26,574,Weapon,2,55
2024-01-27,5679,Boosts,1,2625
2023-07-12,7672,Weapon,5,71
2023-12-28,7136,Weapon,1,15
2024-02-20,6153,Boosts,1,79
2023-07-06,6930,Energy,3,2100
2024-01-28,17059,Boosts,2,1470
2024-03-18,14313,Weapon,2,7469
2024-01-21,10070,Gear,3,11
2024-01-21,14414,Boosts,1,49
2024-04-02,6930,Energy,1,700
2024-02-10,6602,Weapon,2,133
2024-02-10,3543,Weapon,2,64
2024-01-24,3465,Weapon,2,54
2024-01-24,7295,Weapon,1,156
2023-08-01,6930,Energy,3,2100
2024-03-27,4085,Gear,1,14265
2023-12-13,9929,Weapon,3,68
2024-01-10,3053,Weapon,2,28135
2024-03-29,4085,Boosts,1,441
2024-01-12,401,Weapon,5,125
2024-01-20,10054,Weapon,1,4
2024-01-20,2564,Weapon,4,1938
2024-01-20,5862,Weapon,1,16
2024-03-07,7613,Energy,1,100
2024-02-07,6895,Weapon,1,345
2024-02-22,200,Boosts,1,147
2024-01-16,401,Weapon,4,290
2024-03-15,7666,Energy,1,200
2024-01-19,16856,Weapon,2,25
2024-01-29,9692,Weapon,1,378
2024-01-03,8128,Weapon,1,15
2024-01-03,2899,Boosts,1,490
2023-12-22,7835,Weapon,1,4
2024-01-30,2564,Weapon,2,3192
2023-12-28,6977,Weapon,1,5
2024-01-01,12084,Weapon,1,23
2024-01-01,7291,Weapon,1,5
2023-11-18,6930,Gear,2,12908
2024-04-03,1660,Boosts,1,147
2023-12-07,8154,Weapon,3,122
2024-01-28,2140,Weapon,2,21
2024-01-28,8691,Boosts,2,13446
2024-01-07,497,Weapon,1,14
2024-03-30,5006,Weapon,1,4818
2024-03-30,3295,Boosts,1,528
2023-05-05,2323,Boosts,1,1449
2023-05-05,19697,Boosts,1,147
2024-02-26,7903,Boosts,1,49
2024-01-24,3339,Weapon,5,150
2024-01-24,2646,Weapon,2,4
2023-04-13,8691,Energy,1,2700
2024-01-25,2928,Weapon,2,510
2024-03-08,1580,Weapon,1,5481
2024-02-02,6233,Weapon,1,35
2023-12-12,4832,Weapon,6,364
2023-12-06,11189,Weapon,4,80
2024-01-31,2646,Weapon,1,18
2024-04-06,18012,Weapon,1,175
2024-02-11,3295,Gear,1,12
2024-03-01,13058,Boosts,1,980
2024-01-16,1880,Weapon,4,1152
2024-01-16,7903,Weapon,1,12
2023-11-30,4832,Weapon,1,60
2024-01-19,2417,Weapon,3,72
2024-01-19,14262,Weapon,1,2
2024-01-29,163,Weapon,1,15
2024-01-30,2140,Weapon,2,21
2024-01-30,4088,Gear,2,36
2024-01-30,12057,Weapon,1,27
2024-01-06,13187,Weapon,6,60
2023-11-08,4735,Weapon,5,25
2024-01-01,12993,Weapon,4,164
2024-01-01,7668,Weapon,2,8208
2024-02-20,8691,Boosts,2,13446
2023-10-09,433,Weapon,2,480
2024-01-02,201,Weapon,1,60
2024-04-12,3177,Weapon,2,14544
2024-01-28,7676,Weapon,1,6
2024-01-28,11549,Energy,1,800
2024-01-07,9929,Weapon,2,4
2024-02-24,5006,Energy,1,14600
2024-01-14,5797,Weapon,2,16
2024-02-25,9692,Boosts,1,567
2024-01-23,19676,Weapon,2,9
2024-01-23,2461,Weapon,3,11300
2024-01-24,9416,Weapon,2,24
2024-01-24,3439,Energy,1,100
2024-01-24,6251,Weapon,1,38
2023-08-18,10378,Boosts,1,396
2024-01-11,6339,Energy,1,700
2024-02-04,4085,Boosts,2,981
2023-12-18,11339,Energy,1,100
2024-03-16,1994,Boosts,3,294
2024-01-25,5965,Weapon,6,500
2024-01-25,8793,Weapon,1,460
2024-02-08,13212,Gear,1,4
2024-02-21,201,Boosts,1,735
2024-02-13,542,Energy,1,2700
2023-12-20,6129,Weapon,3,60
2023-08-13,7672,Energy,1,100
2024-01-16,3439,Energy,2,200
2024-01-13,6127,Gear,3,16
2024-01-13,5444,Weapon,1,121
2024-02-05,6930,Energy,1,700
2024-01-29,9692,Energy,5,13500
2023-12-31,4082,Weapon,1,1
2024-04-13,783,Energy,1,6100
2024-01-22,2571,Weapon,5,50
2024-01-22,1127,Weapon,3,60
2024-01-27,11320,Weapon,2,14
2024-01-30,5944,Weapon,2,139
2023-12-25,687,Weapon,5,300
2024-03-20,1660,Boosts,1,147
2023-06-26,10745,Weapon,1,558
2023-11-19,7666,Weapon,1,30
2024-02-17,14393,Weapon,1,567
2024-01-08,5136,Weapon,4,12
2024-01-07,14313,Weapon,5,220
2024-03-02,1660,Weapon,3,105
2023-08-24,6930,Gear,1,4165
2024-01-21,13105,Weapon,1,5
2024-01-23,3050,Energy,2,400
2023-11-11,6930,Energy,1,700
2024-03-12,3429,Gear,1,2
2023-06-12,6930,Gear,1,1309
2024-01-05,10070,Weapon,5,70
2024-01-05,12579,Weapon,4,51
2024-01-10,5729,Gear,1,5
2024-01-12,1660,Weapon,15,1560
2024-01-12,9692,Gear,1,54
2023-11-05,18582,Energy,2,600
2024-01-09,5623,Weapon,6,1296
2024-02-07,14313,Weapon,1,2904
2024-02-07,8879,Weapon,1,165
2024-01-17,10393,Gear,1,44
2023-08-13,6930,Energy,4,2800
2024-02-18,6573,Gear,1,4
2024-03-10,14313,Boosts,4,3036
2024-01-03,7791,Weapon,2,48
2024-01-22,10063,Weapon,2,984
2024-01-30,5653,Weapon,1,42
2024-02-15,9645,Energy,1,100
2023-12-28,13162,Weapon,1,7
2023-09-20,19697,Energy,1,300
2024-01-08,12333,Weapon,4,19
2023-11-18,3391,Weapon,1,44
2024-01-07,6835,Weapon,1,92
2024-01-14,2249,Weapon,1,360
2024-03-18,5405,Weapon,2,24
2023-05-27,6458,Weapon,5,972
2024-01-24,10477,Weapon,3,135
2024-01-24,10393,Weapon,2,44
2024-03-27,200,Gear,1,1500
2024-02-04,3744,Gear,1,6
2023-06-24,6458,Weapon,1,144
2024-02-08,8652,Energy,2,8200
2024-02-19,6930,Gear,3,24633
2024-02-09,7575,Energy,1,1500
2024-01-10,1962,Weapon,1,14
2023-07-03,2972,Weapon,1,45
2024-01-20,7517,Weapon,1,840
2024-01-31,9645,Energy,1,100
2023-09-18,7463,Weapon,3,59
2024-02-06,3953,Weapon,1,77
2023-12-16,1511,Weapon,2,34
2024-01-29,5883,Gear,3,30
2024-02-01,6308,Gear,1,2
2024-01-26,565,Weapon,6,270
2024-01-26,1665,Weapon,2,24
2024-01-30,1044,Weapon,1,5
2024-02-03,11439,Weapon,3,738
2024-02-17,10505,Energy,2,7000
2024-03-03,1660,Weapon,1,24
2024-01-14,2453,Weapon,3,15
2024-01-14,771,Weapon,1,85
2024-01-14,1981,Weapon,2,24
2024-02-25,13058,Boosts,1,980
2024-04-14,2146,Boosts,1,99
2023-05-22,6930,Energy,3,2100
2024-01-23,3465,Weapon,3,135
2023-04-30,11016,Weapon,6,82
2024-03-27,3413,Energy,1,100
2023-11-09,18582,Energy,1,300
2023-07-23,6930,Boosts,2,5936
2024-01-12,8955,Gear,2,9
2024-02-13,200,Boosts,1,597
2024-01-09,15254,Weapon,1,40
2023-10-18,3744,Weapon,4,60
2024-01-15,3413,Boosts,1,49
2023-08-10,6602,Weapon,3,238
2023-06-19,6930,Energy,6,4200
2024-02-11,4085,Boosts,1,891
2024-04-07,2323,Boosts,1,1659
2024-02-22,1660,Boosts,1,147
2024-01-17,1962,Energy,1,100
2023-12-29,15878,Weapon,2,30
2023-12-29,2146,Weapon,1,28
2023-09-27,3174,Energy,1,100
2024-01-13,5422,Weapon,2,80
2024-01-26,10553,Weapon,5,28
2024-01-26,10393,Gear,1,66
2024-01-27,4516,Boosts,1,1029
2024-01-27,5481,Weapon,1,160
2024-02-15,5862,Weapon,1,40
2023-12-28,5167,Weapon,2,40
2024-01-01,6458,Boosts,1,882
2024-04-03,3295,Gear,1,1416
2024-01-07,12031,Boosts,1,897
2024-01-14,13068,Weapon,1,12
2023-10-31,6551,Gear,2,176
2024-02-23,4832,Weapon,1,588
2024-01-23,2461,Energy,1,1000
2023-12-08,4832,Weapon,1,20
2024-03-25,2453,Weapon,1,5
2024-01-11,3053,Gear,1,9860
2024-02-04,163,Weapon,1,36
2024-02-09,2831,Energy,1,200
2023-12-15,6127,Weapon,1,20
2024-01-12,1985,Weapon,1,15
2024-02-02,11439,Weapon,2,3204
2024-01-09,4147,Weapon,3,14364
2024-01-20,5848,Weapon,1,2
2024-01-15,4085,Weapon,7,918
2024-04-06,9692,Energy,2,5400
2024-03-07,14449,Weapon,1,66000
2024-01-17,2560,Weapon,1,210
2023-06-01,6458,Weapon,1,144
2023-12-29,9463,Weapon,2,120
2024-01-16,15254,Weapon,2,112
2024-01-16,9104,Weapon,1,345
2024-01-16,12149,Weapon,1,171
2024-01-13,9411,Weapon,3,1691
2024-01-18,574,Energy,6,600
2024-01-18,3923,Weapon,3,43
2024-01-19,13187,Gear,1,4
2024-02-29,201,Boosts,1,735
2024-01-26,11368,Energy,1,1300
2023-10-02,13400,Weapon,2,10
2023-12-25,9739,Weapon,1,660
2024-01-06,1962,Weapon,7,39
2024-01-06,3744,Energy,1,300
2024-03-20,3413,Weapon,2,28
2024-01-01,687,Weapon,1,10
2024-02-03,4334,Weapon,1,3
2024-01-08,5388,Weapon,6,576
2024-01-28,3401,Boosts,1,140
2024-03-03,201,Boosts,1,735
2024-01-14,13409,Weapon,2,9
2023-05-22,9119,Gear,1,93515
2024-01-21,8652,Weapon,1,7667
2023-04-12,8691,Energy,1,2700
2024-02-10,4085,Boosts,1,441
2023-04-21,8691,Boosts,2,13446
2024-01-11,5825,Weapon,4,60
2024-02-04,542,Energy,1,2700
2023-12-27,8542,Weapon,1,45
2024-01-10,1985,Weapon,4,50
2024-01-12,8292,Weapon,3,390
2024-02-13,6930,Energy,1,700
2024-01-15,4516,Weapon,1,966
2024-02-22,9595,Weapon,1,12
2023-06-01,10896,Weapon,1,39
2023-05-21,11016,Weapon,1,47
2024-01-16,10806,Weapon,2,22
2023-11-12,6930,Energy,2,1400
2024-01-19,11876,Gear,1,62
2024-02-05,46,Weapon,3,28
2024-01-29,6339,Energy,1,700
2023-06-05,6930,Energy,2,1400
2024-01-03,7888,Weapon,1,15
2024-01-26,10992,Weapon,1,39
2024-01-27,10505,Energy,1,3500
2024-01-30,1814,Weapon,3,46
2024-01-06,5422,Weapon,3,185
2024-01-02,1419,Weapon,1,20
2024-01-02,3610,Weapon,2,50
2024-01-08,7440,Weapon,4,117
2024-01-07,5881,Weapon,1,15
2024-03-02,1044,Weapon,1,99
2024-01-14,574,Weapon,5,380
2023-12-30,7888,Weapon,2,10
2024-02-27,3957,Gear,2,60
2024-02-27,10505,Energy,1,3500
2023-04-29,13058,Energy,1,2000
2023-04-21,11016,Weapon,4,20
2024-01-11,11056,Energy,1,900
2023-12-14,7469,Weapon,4,20
2024-02-04,1635,Weapon,1,299
2024-01-12,3744,Energy,2,600
2024-01-12,9970,Energy,1,500
2024-01-09,3610,Weapon,1,75
2024-01-09,5729,Weapon,2,45
2023-12-20,9929,Weapon,1,8
2024-03-01,14313,Gear,2,5522
2024-02-18,14056,Boosts,1,9387
2024-02-18,530,Weapon,1,14
2024-01-16,7826,Weapon,3,15
2024-03-21,5405,Weapon,1,240
2023-12-26,8154,Energy,1,200
2024-01-13,10500,Weapon,1,22
2024-01-18,4074,Weapon,1,4
2024-01-18,542,Weapon,1,729
2023-12-17,8154,Energy,2,400
2023-12-31,221,Weapon,1,13
2024-01-22,2499,Weapon,2,20
2024-02-14,1880,Weapon,1,512
2024-01-27,2140,Weapon,5,25
2024-01-01,3406,Weapon,2,22
2023-08-29,6930,Boosts,2,5936
2024-01-07,7517,Weapon,3,840
2024-01-07,681,Weapon,2,30
2024-01-14,5237,Boosts,1,891
2024-02-23,10135,Boosts,1,1386
2023-08-21,11339,Weapon,2,26
2024-01-25,497,Energy,1,200
2024-01-10,1397,Weapon,1,35
2024-01-10,13162,Weapon,1,13
2024-01-10,6536,Weapon,1,75
2024-03-29,1613,Boosts,1,134
2024-01-12,9228,Energy,1,6000
2024-03-09,46,Energy,2,200
2024-01-09,12579,Weapon,1,36
2024-02-06,8691,Energy,1,2700
2024-03-01,14313,Boosts,3,4917
2023-11-25,6930,Energy,2,1400
2023-12-01,1340,Weapon,1,397
2024-01-13,4516,Gear,1,21
2024-01-13,14313,Gear,1,44
2024-01-29,1962,Weapon,3,41
2024-01-29,3512,Gear,2,64
2024-01-29,3401,Weapon,1,350
2024-01-27,19562,Weapon,7,192
2024-01-30,6930,Energy,1,700
2023-09-20,1536,Weapon,1,3
2024-01-07,4123,Weapon,5,55
2024-02-24,4223,Boosts,1,207
2024-01-14,687,Weapon,2,120
2024-04-05,6947,Energy,1,100
2023-07-25,6930,Boosts,2,5936
2023-08-24,6930,Boosts,3,8729
2024-01-21,5682,Weapon,1,45
2024-02-26,2084,Gear,6,90
2023-04-21,10730,Boosts,1,8217
2024-03-17,9692,Boosts,1,5373
2024-02-04,807,Weapon,1,12
2023-12-18,2145,Energy,1,100
2024-01-25,6350,Weapon,1,15
2024-02-08,1009,Gear,1,20300
2024-02-19,3401,Weapon,3,2030
2024-01-12,13579,Weapon,6,420
2024-02-02,8732,Weapon,1,572
2023-10-10,3957,Energy,1,1000
2024-01-15,13360,Energy,1,100
2024-01-15,3401,Weapon,2,1050
2023-07-10,6930,Energy,2,1400
2024-02-07,3748,Weapon,1,12
2024-02-22,12643,Energy,1,3000
2024-01-17,9692,Weapon,2,432
2024-02-16,3543,Weapon,1,44
2024-03-22,1994,Boosts,1,98
2024-02-18,16907,Weapon,1,30
2024-01-16,2417,Weapon,5,50
2023-04-27,8691,Boosts,2,13446
2023-11-29,6930,Energy,3,2100
2023-12-26,7749,Weapon,1,500
2024-01-13,6354,Weapon,3,39
2024-01-13,7632,Weapon,1,18
2024-01-18,302,Weapon,4,1160
2024-01-29,46,Weapon,3,12
2024-01-29,4013,Energy,4,800
2024-04-11,14056,Boosts,2,6174
2024-01-03,7658,Weapon,6,550
2024-01-06,9645,Weapon,1,30
2023-12-28,8154,Energy,4,800
2023-06-11,5193,Boosts,1,1188
2024-04-03,6947,Weapon,1,79
2024-04-12,1613,Energy,1,200
2024-01-28,8732,Weapon,3,195
2024-01-21,247,Weapon,2,924
2024-02-09,4832,Boosts,1,596
2023-10-25,5679,Energy,2,7000
2024-01-12,11876,Weapon,1,310
2024-02-21,10429,Boosts,1,49
2024-02-02,7888,Weapon,1,3
2023-10-22,6551,Weapon,1,165
2023-12-23,8997,Weapon,1,5
2024-01-09,6347,Weapon,1,11
2023-12-29,12122,Weapon,1,15
2024-01-16,9411,Gear,2,6
2024-03-21,13058,Energy,1,2000
2024-03-15,13058,Boosts,1,39980
2023-12-31,8154,Weapon,2,346
2024-01-03,1419,Weapon,3,45
2024-01-03,10651,Weapon,2,18
2024-01-27,1264,Weapon,1,12
2024-01-30,1668,Weapon,6,40
2024-02-17,9692,Energy,1,2700
2024-01-07,14974,Weapon,2,50
2024-03-03,3957,Gear,6,1530
2024-04-05,11931,Gear,1,22620
2024-01-21,4832,Weapon,1,60
2024-01-21,9149,Boosts,1,98
2024-01-23,10175,Weapon,2,51
2024-01-23,12956,Weapon,1,5
2023-05-05,19697,Energy,1,300
2024-02-27,11439,Energy,1,200
2023-11-16,687,Weapon,1,75
2023-06-15,10330,Energy,1,1900
2023-07-02,6930,Energy,3,2100
2024-01-05,7440,Weapon,5,75
2023-07-09,8879,Weapon,1,65
2024-01-12,8898,Weapon,7,510
2024-02-02,13212,Gear,1,5
2024-01-09,1419,Gear,1,2
2024-01-20,4832,Weapon,1,48
2024-01-31,6930,Energy,1,700
2023-04-28,13058,Boosts,2,7960
2023-09-18,4223,Weapon,1,15
2023-07-24,6930,Boosts,1,3143
2024-01-17,5525,Weapon,5,45
2024-03-19,3295,Weapon,1,564
2023-05-18,6930,Gear,5,50582
2024-03-21,7689,Gear,1,9
2024-01-18,3610,Weapon,1,15
2024-01-29,14393,Gear,6,66
2024-01-29,3011,Weapon,3,72
2023-12-31,905,Weapon,1,10
2024-01-03,2773,Weapon,7,32292
2024-01-03,2249,Weapon,2,240
2024-01-27,1926,Weapon,2,40
2023-09-24,2934,Gear,4,66
2023-12-28,530,Weapon,2,56
2023-06-25,10745,Weapon,1,744
2024-01-02,8128,Weapon,2,30
2024-01-14,5881,Weapon,1,15
2024-01-14,1994,Weapon,1,158
2023-06-03,6930,Energy,1,700
2023-08-15,2686,Weapon,1,500
2024-03-28,9692,Boosts,1,1323
2023-11-11,8063,Weapon,1,5
2024-01-11,10175,Weapon,3,14
2024-01-25,5883,Weapon,1,12
2024-02-19,3164,Weapon,1,100
2023-07-16,6930,Boosts,2,5936
2024-02-13,5862,Weapon,1,64
2024-02-13,10890,Gear,2,276
2023-11-02,18582,Energy,1,300
2024-03-05,14584,Weapon,1,6500
2023-10-06,7463,Energy,1,100
2024-01-20,4832,Boosts,1,396
2024-01-20,417,Gear,2,14
2024-01-15,6224,Weapon,1,3
2024-01-31,6930,Gear,3,150325
2024-03-04,78,Energy,1,200
2024-01-16,7291,Weapon,3,45
2024-03-21,3235,Weapon,1,18000
2023-06-02,2686,Weapon,2,30
2024-01-04,7658,Weapon,1,150
2024-01-04,719,Weapon,1,63
2024-01-29,201,Boosts,1,735
2024-01-22,497,Energy,1,200
2024-01-27,3256,Weapon,2,186
2024-01-06,3879,Weapon,4,123
2023-11-19,10814,Weapon,1,1386
2024-02-17,1962,Weapon,3,37
2024-02-17,201,Boosts,1,735
2024-04-12,7295,Boosts,1,7722
2024-01-28,17681,Weapon,4,100
2024-01-28,9385,Weapon,1,90
2023-05-19,6930,Boosts,2,4886
2024-01-07,12719,Weapon,4,100
2024-01-23,3543,Energy,1,400
2024-02-27,4085,Energy,1,900
2024-01-24,5653,Weapon,3,96
2023-04-26,7622,Weapon,1,500
2024-03-17,13058,Boosts,1,980
2023-11-11,13058,Boosts,1,400
2023-05-31,6930,Energy,4,2800
2024-01-05,4945,Weapon,2,176
2024-01-05,11056,Boosts,1,441
2023-04-16,8691,Boosts,4,26892
2023-05-17,11016,Weapon,3,44
2024-02-09,6930,Gear,3,48146
2024-01-10,9970,Gear,4,24475
2024-01-09,860,Weapon,1,357
2024-03-24,9692,Energy,1,2700
2024-01-20,6092,Weapon,3,15
2024-04-06,4020,Energy,1,200
2024-04-09,16856,Weapon,2,57
2023-12-24,3413,Weapon,2,8
2024-02-11,11189,Energy,1,200
2024-02-06,9645,Energy,1,100
2024-02-06,3748,Gear,3,44
2024-01-17,7520,Weapon,6,455
2024-01-17,1880,Weapon,7,4480
2024-02-18,13058,Boosts,1,980
2024-01-18,1812,Weapon,1,15
2024-01-19,3614,Weapon,4,20
2024-01-19,10890,Weapon,3,2070
2023-12-31,433,Boosts,1,1584
2024-01-26,6947,Weapon,7,75
2024-02-14,11320,Weapon,1,6
2024-01-30,6822,Weapon,1,14
2023-12-04,1181,Weapon,2,20
2024-01-06,497,Weapon,3,124
2024-01-01,201,Weapon,1,195
2024-02-03,8732,Weapon,1,78
2024-01-02,7835,Weapon,4,50
2024-04-03,6153,Boosts,1,79
2024-01-28,6457,Gear,2,21
2024-01-28,12370,Weapon,1,30
2024-01-07,6175,Weapon,3,104
2023-10-26,2934,Energy,1,300
2024-02-23,4085,Boosts,1,441
2023-12-30,13058,Boosts,1,80
2024-01-23,158,Boosts,1,1225
2024-01-24,10505,Energy,3,10500
2023-07-01,7613,Energy,1,100
2024-01-11,4516,Gear,1,42
2024-01-11,3053,Boosts,1,2533
2024-01-25,4991,Boosts,1,637
2024-01-12,16272,Weapon,3,77
2023-10-18,433,Weapon,1,48
2024-01-20,1962,Weapon,4,53
2024-01-15,10651,Weapon,1,11
2024-01-15,1323,Weapon,1,92
2024-01-15,9692,Weapon,1,108
2023-12-24,9784,Weapon,1,20
2024-02-11,3630,Energy,1,3000
2023-05-25,6930,Energy,2,1400
2024-01-17,5237,Weapon,1,72
2024-01-17,8063,Energy,1,100
2024-01-16,2470,Weapon,1,12
2024-01-16,4298,Weapon,2,315
2024-01-19,8732,Weapon,5,754
2024-01-19,3543,Weapon,2,80
2024-03-31,14056,Boosts,2,12474
2023-10-01,3738,Boosts,2,298
2024-01-22,5811,Weapon,2,22
2024-01-22,221,Weapon,1,59
2024-01-26,1786,Gear,3,10968
2024-01-27,8732,Gear,3,221
2024-01-30,3235,Gear,1,72
2024-01-06,7888,Weapon,2,29
2024-01-06,7575,Boosts,3,2955
2024-02-17,10393,Gear,1,12760
2024-01-08,1573,Weapon,1,540
2024-01-08,14258,Weapon,2,29
2024-04-03,9692,Boosts,2,5346
2023-07-06,6602,Weapon,1,35
2024-03-02,158,Energy,1,2500
2024-03-02,13058,Energy,1,2000
2024-01-14,2646,Weapon,5,50
2024-01-14,12333,Boosts,1,49
2024-01-14,6339,Energy,1,700
2024-01-21,3339,Weapon,2,20
2024-01-21,6657,Weapon,1,15
2024-01-21,10477,Weapon,1,15
2024-02-23,1660,Boosts,1,147
2023-12-30,5679,Energy,1,3500
2024-02-12,788,Energy,2,200
2024-01-11,11189,Energy,1,200
2024-02-04,3748,Weapon,2,88
2024-01-25,3294,Weapon,1,276
2024-01-25,1666,Weapon,5,22
2024-01-25,4020,Weapon,5,96
2024-01-25,11368,Boosts,4,2548
2024-02-09,6930,Boosts,1,693
2024-03-29,2986,Boosts,2,768
2024-01-20,12505,Weapon,3,45
2024-01-20,10877,Gear,1,54
2024-03-21,8542,Energy,1,300
2024-01-04,8128,Weapon,1,15
2024-01-18,5881,Weapon,3,13
2023-12-31,8128,Weapon,5,25
2023-12-31,7291,Weapon,3,15
2024-02-01,247,Weapon,1,336
2023-06-22,10745,Weapon,5,3720
2024-01-22,12956,Weapon,3,12
2024-01-22,1613,Energy,1,200
2023-12-21,9929,Energy,1,200
2024-01-30,5653,Gear,4,45
2024-01-30,9595,Weapon,1,15
2024-01-30,7463,Gear,2,5
2023-09-04,6930,Energy,2,1400
2023-06-25,6930,Energy,2,1400
2024-02-17,3744,Energy,2,600
2023-11-18,7666,Weapon,1,10
2024-03-02,14313,Weapon,12,29425
2024-02-24,1994,Boosts,1,298
2024-03-03,5237,Boosts,1,630
2024-01-14,12719,Weapon,5,125
2024-01-21,10890,Weapon,2,598
2024-04-02,1735,Energy,2,400
2023-11-11,4430,Boosts,1,14
2024-02-04,8302,Gear,3,60
2024-03-16,5209,Boosts,1,833
2024-02-09,2590,Weapon,1,88
2024-02-09,6681,Boosts,1,49
2024-03-29,1962,Energy,1,100
2024-01-12,9692,Weapon,4,1350
2024-01-12,3164,Weapon,1,12
2024-01-12,4516,Gear,2,42
2024-01-09,16542,Weapon,1,82
2024-01-15,3864,Weapon,1,10
2024-01-15,8955,Gear,4,22
2024-01-15,1537,Weapon,2,60
2024-01-31,201,Boosts,1,735
2024-01-31,4085,Boosts,1,441
2023-11-26,10814,Boosts,1,1386
2024-01-17,497,Weapon,1,2
2024-01-16,7520,Weapon,3,252
2023-11-13,10505,Energy,1,3500
2023-11-12,6930,Weapon,2,7000
2023-12-26,905,Weapon,1,30
2024-01-13,5167,Weapon,3,160
2024-01-19,12505,Weapon,8,69
2024-01-29,3439,Energy,1,100
2024-03-10,14056,Boosts,1,9387
2024-01-22,13678,Weapon,1,7
2024-02-14,3744,Energy,2,600
2024-01-27,7672,Energy,6,600
2024-01-27,5799,Boosts,1,99
2023-12-25,3801,Weapon,1,84
2024-01-06,10070,Weapon,2,9
2024-02-03,9970,Weapon,1,2500
2024-02-17,16907,Weapon,2,174
2023-07-21,6930,Gear,6,289170
2024-01-07,201,Weapon,1,915
2024-01-07,1994,Weapon,1,12
2023-06-09,4680,Weapon,1,25
2024-02-26,10429,Boosts,1,49
2023-06-15,10330,Gear,4,418
2023-08-17,6930,Energy,3,2100
2023-08-17,6930,Gear,1,38605
2023-06-24,13058,Boosts,1,20
2023-12-27,2146,Weapon,4,63
2023-08-27,5389,Weapon,2,32
2024-02-19,11368,Energy,1,1300
2024-02-09,3892,Weapon,3,448
2024-01-10,2133,Weapon,1,84
2024-02-21,1668,Energy,1,100
2024-02-02,2461,Weapon,1,30
2024-01-09,4945,Weapon,1,176
2023-12-06,10814,Energy,1,1400
2024-02-07,3413,Gear,2,4
2023-11-28,6930,Energy,2,1400
2023-11-25,3744,Weapon,1,6
2023-11-06,6551,Weapon,1,77
2024-03-21,7295,Gear,2,45396
2023-12-16,8154,Energy,5,1000
2024-01-13,8292,Weapon,6,2210
2024-01-13,14393,Weapon,5,75
2024-01-18,4085,Weapon,1,135
2023-06-05,7749,Weapon,1,197
2024-02-15,161,Weapon,1,4
2024-02-15,3295,Boosts,1,894
2024-03-14,6947,Energy,1,100
2024-01-02,4369,Gear,3,48
2024-01-08,3738,Weapon,1,47
2024-02-24,302,Boosts,1,2842
2024-01-14,8372,Weapon,3,54
2023-12-30,5388,Weapon,2,72
2024-03-28,4085,Gear,2,3609
2024-01-23,11549,Energy,1,800
2024-01-23,59,Weapon,1,4
2024-01-24,6947,Weapon,3,15
2023-09-19,7950,Weapon,1,30
2024-01-05,3512,Weapon,2,40
2024-01-05,3350,Weapon,1,87
2023-12-27,8154,Energy,1,200
2024-01-25,6947,Weapon,2,10
2024-01-25,861,Weapon,1,13
2024-01-15,1044,Weapon,1,5
2024-01-31,12505,Weapon,2,19
2024-02-18,7463,Energy,1,100
2023-09-12,6930,Energy,4,2800
2023-04-27,19697,Boosts,1,147
2023-07-28,10745,Gear,1,682
2023-07-28,6930,Gear,1,938
2024-01-18,8955,Energy,1,100
2024-02-01,7127,Weapon,3,62
2024-01-22,11549,Energy,1,800
2024-01-26,10836,Weapon,1,168
2024-01-26,8879,Boosts,1,245
2024-01-30,1926,Weapon,1,28
2024-01-30,5883,Gear,1,15
2023-06-07,8691,Boosts,2,13446
2024-01-08,11847,Weapon,3,45
2023-07-21,6930,Weapon,1,3500
2024-01-28,1880,Weapon,2,2752
2024-01-14,201,Energy,1,1500
2024-01-21,7291,Weapon,6,75
2024-01-21,5944,Weapon,5,25
2023-08-30,6930,Energy,4,2800
2024-01-11,4074,Weapon,1,60
2024-01-05,479,Gear,3,32
2023-05-11,8691,Boosts,2,13446
2024-01-25,9445,Weapon,4,37
2024-01-25,4415,Weapon,1,915
2024-01-10,15120,Weapon,2,110
2024-01-12,3923,Weapon,5,52
2023-10-06,13058,Energy,1,2000
2023-10-07,433,Weapon,3,240
2023-12-01,433,Weapon,1,240
2024-01-16,9970,Energy,1,500
2024-02-28,3401,Weapon,1,140
2024-03-21,6551,Weapon,1,5500
2024-01-04,479,Weapon,3,172
2024-01-13,1537,Weapon,1,60
2024-01-19,3047,Weapon,1,105
2024-01-29,12370,Weapon,4,48
2023-10-28,8691,Energy,1,2700
2024-01-03,6835,Weapon,1,10
2023-07-12,6930,Weapon,1,3500
2024-01-06,4945,Weapon,1,792
2023-12-28,12953,Weapon,5,198
2024-01-01,9463,Weapon,1,60
2023-06-25,4189,Boosts,1,2189
2024-02-20,6530,Boosts,2,392
2024-02-17,3543,Energy,1,400
2024-01-02,10651,Weapon,1,13
2023-07-21,6930,Boosts,2,5936
2023-12-07,8154,Energy,3,600
2023-05-20,19697,Energy,1,300
2024-01-14,1419,Weapon,1,22
2024-01-14,5862,Weapon,1,16
2023-08-28,10505,Weapon,2,210
2024-03-30,3413,Boosts,1,49
2024-01-23,4223,Boosts,2,354
2024-01-24,497,Weapon,1,62
2023-10-17,433,Weapon,2,1376
2023-04-26,19697,Boosts,1,447
2023-09-16,10804,Energy,1,100
2024-01-11,8955,Gear,1,2
2024-01-10,4013,Weapon,1,30
2024-04-01,6153,Boosts,1,49
2024-03-24,1613,Boosts,1,88
2024-01-20,8372,Weapon,4,70
2024-01-20,6339,Energy,1,700
2024-01-15,574,Weapon,5,233
2023-11-28,10505,Gear,2,175
2023-07-20,6930,Boosts,1,3143
2023-05-30,6930,Gear,3,60963
2023-12-05,11189,Weapon,1,10
2024-01-19,8879,Gear,2,30
2023-12-31,3406,Weapon,1,14
2024-02-01,6930,Gear,3,30254
2024-01-22,11368,Boosts,1,637
2024-01-26,9228,Boosts,1,5940
2024-02-03,3179,Energy,2,200
2024-03-14,2657,Energy,2,400
2023-05-24,6930,Energy,1,700
2024-01-02,6573,Weapon,1,14
2024-01-07,4661,Weapon,3,38
2024-01-07,4485,Weapon,1,40
2024-01-14,3748,Weapon,2,80
2024-01-21,8955,Weapon,1,6
2024-01-21,4653,Weapon,1,4
2023-11-21,10505,Weapon,1,490
2024-01-23,497,Weapon,1,10
2024-02-27,201,Weapon,1,165
2023-04-22,11016,Weapon,3,33
2024-01-11,5458,Weapon,3,135
2024-01-11,7668,Energy,1,15200
2023-07-04,2972,Weapon,1,45
2024-01-25,1264,Weapon,6,30
2024-01-12,4334,Weapon,3,12
2024-02-02,6079,Gear,1,1
2023-11-14,6930,Energy,2,1400
2024-01-09,3738,Weapon,1,47
2024-01-31,11189,Energy,1,200
2023-07-08,3082,Weapon,1,500
2023-12-16,12993,Weapon,2,36
2024-01-18,2564,Weapon,3,1710
2024-01-18,3350,Energy,1,8700
2024-02-01,6930,Energy,3,2100
2024-04-13,14584,Energy,1,1300
2024-01-03,3350,Weapon,1,696
2024-01-30,542,Energy,1,2700
2024-02-15,11189,Energy,1,200
2023-09-04,7950,Weapon,7,572
2023-06-26,6930,Boosts,1,2793
2024-02-20,19409,Weapon,1,31000
2024-02-20,10836,Weapon,1,112
2023-07-31,11016,Energy,1,100
2024-04-03,6423,Weapon,1,27000
2024-01-28,3287,Weapon,6,85
2024-01-28,497,Energy,1,200
2024-04-05,4085,Boosts,1,891
2023-10-13,6551,Weapon,1,132
2024-01-21,6251,Weapon,2,10
2024-01-21,3334,Boosts,1,99
2024-02-23,10836,Weapon,1,4676
2023-12-30,3744,Energy,1,300
2024-02-04,8691,Boosts,2,13446
2024-02-04,6930,Energy,1,700
2023-09-26,3957,Weapon,1,150
2023-12-27,7295,Weapon,2,1482
2024-01-10,10814,Boosts,1,686
2024-01-12,5422,Weapon,2,10
2024-01-12,1660,Energy,1,300
2024-02-02,6930,Energy,5,3500
2024-02-02,6930,Boosts,1,343
2024-02-13,7679,Energy,1,6200
2024-04-06,7920,Boosts,1,980
2024-04-09,14584,Energy,1,1300
2024-02-11,3744,Gear,3,36
2024-02-06,565,Weapon,1,126
2023-07-07,8879,Weapon,2,175
2024-01-13,8154,Energy,10,2000
2024-01-13,3053,Weapon,2,145180
2024-01-13,5160,Weapon,3,150
2024-01-18,3892,Weapon,3,240
2024-01-18,10063,Weapon,1,5699
2024-02-01,1926,Weapon,3,84
2024-01-22,5956,Weapon,4,100
2023-09-29,3701,Weapon,1,6
2023-12-22,6127,Weapon,1,20
2024-03-23,1671,Energy,1,100
2024-01-08,7668,Energy,1,15200
2024-04-12,9692,Energy,7,18900
2024-01-28,3350,Boosts,1,87
2024-03-03,7920,Boosts,1,1980
2023-12-19,8154,Energy,2,400
2024-01-21,8879,Gear,1,10
2024-01-21,1786,Weapon,2,4960
2024-01-21,4013,Energy,1,200
2024-01-21,5179,Weapon,1,36
2024-02-23,7520,Boosts,2,686
2024-01-23,5444,Boosts,1,539
2024-03-25,8028,Weapon,1,45500
2023-11-11,13058,Energy,1,2000
2024-01-11,10334,Weapon,1,24
2024-01-25,10942,Weapon,5,56
2023-08-19,6930,Energy,2,1400
2024-02-09,46,Weapon,1,1
2023-10-25,6551,Weapon,2,176
2024-01-10,1671,Weapon,2,1509
2024-01-10,3439,Energy,1,100
2024-02-21,1962,Weapon,2,16
2024-02-13,4832,Boosts,1,196
2024-01-09,2133,Weapon,1,90
2024-01-20,4085,Weapon,2,234
2024-01-20,1994,Weapon,2,36
2024-01-20,2646,Weapon,1,30
2024-01-20,1219,Weapon,1,24
2024-01-31,3512,Weapon,1,36
2024-03-01,14313,Weapon,3,39215
2023-06-30,4430,Energy,1,200
2023-12-01,1181,Weapon,5,25
2024-01-16,2560,Weapon,3,672
2024-01-16,530,Boosts,1,158
2023-12-26,3042,Weapon,1,14
2024-01-13,9970,Boosts,1,245
2024-01-29,1668,Gear,2,9
2023-06-22,5389,Weapon,1,5
2024-01-22,11189,Energy,1,200
2024-01-22,5944,Weapon,3,45
2024-01-22,36,Weapon,2,15
2024-01-26,542,Gear,3,540
2024-02-03,8691,Boosts,2,13446
2023-08-20,6930,Energy,1,700
2023-08-16,6930,Energy,3,2100
2024-04-03,1735,Energy,2,400
2024-01-28,3140,Weapon,1,7
2024-01-28,158,Boosts,1,1725
2024-01-07,7166,Gear,2,6
2024-03-02,9692,Weapon,1,1215
2024-03-03,1668,Boosts,1,59
2024-01-14,1323,Weapon,3,108
2024-01-14,10175,Weapon,1,13
2024-01-21,3011,Weapon,5,46
2024-02-23,7170,Boosts,1,252
2023-12-30,221,Weapon,5,25
2024-02-12,201,Boosts,1,735
2024-02-12,1580,Gear,1,116
2024-03-06,8879,Energy,1,500
2024-04-16,1635,Boosts,3,3841
2024-01-11,3744,Energy,1,300
2024-01-25,5648,Gear,1,2
2024-02-08,6700,Boosts,1,245
2024-02-02,11931,Boosts,1,7761
2024-01-20,542,Weapon,1,378
2023-06-14,6458,Weapon,1,54
2023-05-18,6930,Energy,1,700
2024-01-16,5729,Gear,1,11
2024-03-15,10836,Boosts,1,1372
2024-01-29,12643,Gear,5,136200
2024-02-01,1814,Weapon,2,14
2024-02-01,497,Energy,1,200
2024-01-22,1786,Energy,1,800
2024-01-26,6308,Weapon,2,10
2024-01-27,12956,Weapon,2,30
2024-01-30,55,Weapon,5,176
2024-01-06,1066,Weapon,1,3
2023-04-14,10730,Gear,1,288840
2023-10-14,6551,Gear,1,44
2024-01-28,1926,Weapon,5,160
2023-08-29,11016,Weapon,2,40
2024-01-07,3610,Weapon,2,120
2024-03-02,158,Weapon,1,375
2023-06-28,10804,Weapon,1,5
2024-01-14,12867,Weapon,4,46
2024-01-14,3042,Boosts,1,49
2024-02-25,2470,Boosts,1,49
2024-02-25,1962,Energy,1,100
2023-10-26,15312,Weapon,2,19
2024-01-21,5193,Boosts,1,588
2023-12-30,1877,Weapon,8,88
2024-03-28,1660,Boosts,1,147
2024-02-27,1735,Weapon,2,150
2023-12-10,8154,Energy,1,200
2024-01-24,5944,Weapon,1,49
2024-03-12,719,Weapon,1,12
2024-01-11,5623,Weapon,1,528
2024-01-25,170,Boosts,1,158
2024-01-10,401,Weapon,1,25
2024-01-10,221,Weapon,2,16
2024-01-20,8135,Gear,1,6
2024-01-15,574,Energy,3,300
2024-01-31,3413,Weapon,1,15
2024-01-31,4013,Energy,1,200
2024-01-17,13426,Weapon,5,50
2024-03-22,158,Energy,1,2500
2024-03-22,1613,Boosts,1,198
2023-09-02,6551,Weapon,1,132
2024-01-13,3047,Weapon,3,140
2024-01-29,4653,Weapon,1,7
2023-12-31,5238,Weapon,3,45
2024-01-26,1660,Weapon,1,195
2024-01-26,6251,Weapon,1,16
2023-07-12,10745,Energy,1,6200
2024-02-15,3295,Gear,1,66
2024-01-01,8154,Energy,3,600
2024-02-03,1660,Gear,1,45
2023-11-17,7666,Weapon,3,30
2024-01-02,11433,Weapon,5,200
2024-01-21,3229,Weapon,2,16
2023-12-30,2934,Boosts,1,297
2024-01-23,5405,Weapon,1,25
2023-12-08,10814,Energy,1,1400
2024-01-11,4661,Weapon,1,15
2023-06-17,10330,Boosts,1,1881
2023-05-11,6930,Weapon,1,68600
2024-01-25,4932,Weapon,1,165
2024-02-19,201,Boosts,1,1035
2024-02-19,8732,Energy,1,1300
2024-03-29,9692,Boosts,3,3969
2024-01-12,3047,Weapon,1,55
2024-01-31,163,Gear,1,6
2023-12-20,2146,Weapon,3,15
2023-09-17,6031,Weapon,1,500
2024-02-18,783,Boosts,1,6039
2023-07-07,6602,Weapon,1,7
2023-09-22,19697,Energy,2,600
2023-06-05,10896,Weapon,1,33
2024-02-01,4013,Energy,2,400
2024-01-26,5405,Weapon,2,23
2024-02-14,6153,Energy,2,200
2023-11-10,6930,Gear,2,67060
2024-01-30,5237,Energy,2,1800
2024-03-23,11884,Energy,1,1000
2023-08-20,6930,Boosts,1,1043
2024-01-02,3413,Weapon,4,46
2024-01-07,2133,Weapon,4,96
2023-06-06,7622,Energy,1,100
2024-01-14,1962,Weapon,1,21
2024-01-21,14313,Boosts,1,2189
2023-11-21,6930,Energy,2,1400
2023-06-16,6930,Energy,3,2100
2024-01-24,1870,Weapon,1,135
2023-10-17,2934,Energy,1,300
2023-09-01,4430,Boosts,2,296
2024-01-05,497,Weapon,1,10
2024-02-04,8302,Boosts,1,147
2023-08-27,10505,Weapon,4,1365
2023-12-13,3744,Energy,1,300
2024-03-08,9692,Energy,1,2700
2023-09-11,6551,Weapon,1,22
2024-01-12,4147,Boosts,1,396
2024-02-21,13058,Energy,1,2000
2023-12-23,6822,Weapon,3,14
2024-01-20,1981,Weapon,3,15
2023-12-24,10063,Weapon,1,615
2024-02-06,4020,Weapon,1,4
2024-02-22,10890,Weapon,1,1012
2023-11-23,3957,Energy,1,1000
2023-12-01,8359,Weapon,1,28
2023-11-30,3391,Weapon,3,94
2023-12-05,9929,Weapon,3,58
2024-01-18,8453,Weapon,1,15
2024-01-22,900,Weapon,3,38
2024-01-26,1962,Gear,2,33
2024-02-15,11368,Energy,1,1300
2024-02-03,1833,Weapon,3,39
2023-08-20,4430,Boosts,1,62
2024-04-12,385,Weapon,1,199
2024-01-07,2146,Weapon,1,2
2023-11-01,8459,Weapon,4,52
2023-12-19,433,Weapon,1,6800
2023-04-12,7622,Energy,1,100
2024-03-30,14393,Boosts,1,147
2024-01-23,1566,Weapon,3,30
2024-01-23,7534,Weapon,1,11
2023-06-15,6930,Energy,6,4200
2023-12-10,8459,Boosts,1,199
2024-02-04,2564,Boosts,1,7562
2024-01-12,542,Weapon,4,540
2024-02-02,1613,Energy,1,200
2023-11-02,8459,Weapon,2,17
2024-03-09,1962,Weapon,1,8
2023-12-23,10063,Weapon,1,492
2023-10-07,1340,Weapon,1,12
2024-01-31,17681,Weapon,1,12
2023-08-10,6359,Weapon,1,15
2024-04-09,9692,Energy,3,8100
2023-09-17,3957,Weapon,2,300
2023-12-29,10651,Weapon,3,23
2023-07-30,5679,Weapon,1,630
2024-02-18,2145,Weapon,1,500
2024-01-16,3630,Weapon,1,150
2024-01-13,9970,Energy,1,500
2024-01-13,13058,Boosts,1,980
2024-03-10,1962,Energy,1,100
2024-01-27,861,Weapon,4,44
2024-01-06,10063,Weapon,2,3936
2024-01-08,8731,Weapon,1,5
2024-01-28,263,Gear,1,4
2024-01-07,3053,Weapon,5,14280
2023-06-28,6930,Boosts,1,3493
2023-10-13,2934,Energy,1,300
2024-03-30,8732,Boosts,1,780
2024-02-26,3400,Weapon,1,14
2024-01-24,3294,Gear,1,46
2024-01-24,1660,Weapon,5,54
2024-03-25,1994,Boosts,1,98
2023-07-02,7622,Weapon,1,500
2023-09-15,13058,Energy,1,2000
2023-09-03,7061,Weapon,1,50
2024-01-11,3053,Weapon,1,33150
2024-01-11,1660,Weapon,2,75
2023-06-08,6930,Energy,3,2100
2023-06-08,2686,Weapon,2,59
2024-01-25,201,Boosts,1,735
2024-02-09,6930,Weapon,1,88760
2024-01-10,1323,Weapon,6,120
2024-01-12,1981,Weapon,3,37
2024-01-09,7081,Weapon,3,396
2023-06-14,8777,Weapon,1,90
2024-02-11,3883,Weapon,1,48
2024-04-10,9692,Boosts,1,2133
2024-01-16,3050,Weapon,1,24
2023-12-26,8542,Weapon,1,45
2024-01-19,5682,Weapon,1,45
2024-04-13,3738,Boosts,2,98
2023-10-28,3957,Weapon,1,90
2024-01-03,3256,Weapon,3,24
2024-01-22,302,Weapon,4,2436
2024-01-26,158,Energy,1,2500
2024-01-30,2831,Boosts,1,98
2024-01-06,2773,Boosts,3,1988
2024-02-15,11439,Weapon,1,1000
2023-05-01,2323,Boosts,1,1029
2023-06-26,6930,Energy,4,2800
2024-02-17,1208,Boosts,1,495
2024-01-02,78,Weapon,4,34
2024-01-28,4832,Boosts,1,796
2023-07-15,1671,Boosts,1,49
2024-01-14,12333,Weapon,6,58
2024-01-14,5825,Weapon,2,33
2024-01-23,5956,Weapon,2,150
2024-02-12,10890,Gear,5,2024
2023-08-31,6930,Energy,3,2100
2023-09-21,6551,Weapon,12,704
2023-09-21,19697,Energy,1,300
2024-01-24,1127,Weapon,4,192
2024-01-24,1962,Weapon,1,12
2023-09-03,5389,Weapon,1,3
2024-01-11,8898,Weapon,8,400
2023-07-04,9119,Gear,1,71685
2023-09-30,3957,Weapon,3,270
2024-02-21,6930,Gear,3,17661
2024-02-02,1635,Boosts,1,2277
2024-02-02,98,Weapon,2,63
2024-02-02,10054,Gear,5,91
2024-03-09,2323,Boosts,1,1449
2024-01-17,13068,Weapon,2,24
2024-02-16,542,Weapon,2,1458
2024-01-16,3401,Weapon,4,1680
2024-01-16,14313,Weapon,2,77
2023-09-27,18582,Gear,1,6
2024-01-04,7291,Weapon,2,30
2024-01-04,9784,Weapon,2,56
2024-01-13,1962,Weapon,1,25
2024-01-18,9463,Energy,1,400
2024-01-29,276,Weapon,1,13
2023-12-31,7166,Weapon,5,24
2024-01-22,9482,Weapon,3,42
2024-01-22,4653,Weapon,2,10
2024-01-30,11802,Weapon,5,182
2024-01-01,3053,Weapon,3,23392
2024-01-08,7896,Weapon,5,125
2023-08-15,7672,Energy,2,200
2023-12-30,201,Weapon,1,75
2024-01-23,3614,Weapon,1,7
2023-04-30,10730,Boosts,1,8217
2024-01-24,1397,Gear,1,28
2024-01-11,3400,Weapon,1,5
2024-02-04,3744,Energy,1,300
2024-03-16,4838,Gear,1,1740
2024-03-08,8732,Energy,1,1300
2024-02-19,4013,Energy,1,200
2024-02-09,12370,Weapon,1,14
2024-01-10,6977,Weapon,2,6
2024-01-10,4147,Gear,2,32
2024-02-02,8652,Energy,1,4100
2023-10-22,3957,Energy,1,1000
2023-11-02,3957,Energy,1,1000
2023-05-06,10896,Weapon,5,69
2024-04-01,9692,Boosts,2,2646
2023-12-23,530,Weapon,2,54
2024-01-09,5283,Weapon,1,2573
2024-02-06,3439,Energy,1,100
2024-02-07,14313,Gear,1,1573
2024-02-22,9645,Energy,1,100
2023-12-29,6129,Weapon,1,44
2023-12-01,2934,Energy,1,300
2024-01-16,3047,Weapon,3,220
2024-01-16,10175,Weapon,1,15
2024-01-04,11808,Weapon,1,11
2024-02-05,1735,Weapon,2,782
2023-12-31,10694,Weapon,1,165
2023-10-28,10655,Energy,1,100
2024-01-03,201,Weapon,1,645
2024-01-22,16856,Weapon,1,15
2024-01-26,11320,Weapon,1,10
2023-10-02,7950,Weapon,1,14
2024-01-27,6930,Energy,2,1400
2023-12-22,6129,Weapon,3,176
2024-02-17,10505,Boosts,3,10395
2024-03-13,3400,Weapon,1,7
2024-01-07,479,Gear,3,52
2024-03-03,1671,Energy,1,100
2023-06-06,6930,Energy,2,1400
2024-02-25,4085,Boosts,1,891
2023-12-19,10063,Weapon,2,410
2023-11-21,3391,Weapon,1,12
2024-03-28,18012,Boosts,1,1715
2024-01-23,13435,Energy,1,100
2023-12-27,14307,Weapon,1,20
2024-01-25,4500,Weapon,5,65
2024-02-08,3295,Boosts,1,294
2023-07-16,6602,Weapon,1,224
2024-03-29,8109,Boosts,1,1584
2023-07-26,1671,Energy,2,200
2024-03-05,11544,Gear,4,34237
2024-03-24,3543,Weapon,1,28
2024-01-15,10381,Weapon,2,60
2024-01-31,6423,Gear,4,702
2024-03-07,14313,Boosts,3,4037
2024-02-11,98,Weapon,1,84
2024-04-10,14584,Energy,1,1300
2024-03-01,13058,Energy,2,4000
2024-01-17,1323,Gear,4,128
2024-01-13,8359,Weapon,1,1000
2024-01-19,13212,Weapon,1,2
2024-01-19,8731,Gear,1,2
2023-12-17,8154,Weapon,2,1358
2024-01-30,9692,Weapon,3,999
2024-01-30,7520,Weapon,1,2233
2024-01-06,14307,Weapon,1,8
2024-01-06,7517,Weapon,5,728
2024-01-28,7154,Weapon,6,102
2024-03-02,4832,Boosts,1,396
2024-03-02,1833,Boosts,1,199
2024-01-14,4516,Gear,1,231
2024-01-14,6354,Weapon,2,17
2023-12-19,3744,Energy,1,300
2024-01-21,3944,Weapon,2,42
2023-12-30,13162,Weapon,1,15
2024-01-23,247,Weapon,1,462
2023-04-15,7622,Energy,1,100
2024-01-11,5422,Weapon,2,140
2024-01-05,2249,Weapon,2,600
2024-01-12,574,Energy,8,800
2024-02-02,1660,Weapon,1,30
2024-02-02,6457,Boosts,1,343
2023-11-14,16542,Weapon,2,68
2023-10-18,1009,Gear,1,15750
2024-01-31,6153,Boosts,1,69
2023-06-19,10745,Weapon,2,620
2024-02-06,4516,Boosts,1,1029
2024-04-07,1654,Weapon,1,2000
2024-04-10,14056,Boosts,2,6174
2024-01-17,6332,Weapon,3,90
2024-02-16,14449,Boosts,1,13068
2023-11-25,6930,Gear,3,32669
2023-05-10,12031,Weapon,2,24
2023-11-13,6930,Energy,2,1400
2023-12-26,530,Weapon,1,6
2024-01-13,542,Weapon,5,2025
2024-01-19,10505,Energy,1,3500
2024-01-03,5405,Weapon,3,15
2024-01-22,12333,Weapon,2,11
2024-01-26,9385,Weapon,1,90
2024-02-14,4387,Gear,1,3500
2024-01-01,7658,Weapon,5,250
2024-03-13,1962,Energy,1,100
2023-09-05,6930,Energy,2,1400
2024-01-28,5883,Weapon,2,90
2024-01-28,55,Weapon,4,144
2024-01-28,5797,Weapon,1,19
2024-01-28,1666,Weapon,2,30
2024-01-07,1613,Weapon,1,10
2024-03-02,14307,Weapon,2,60
2024-01-14,10806,Weapon,5,9
2024-01-23,3878,Weapon,1,4
2024-01-23,4848,Weapon,3,35
2024-01-23,82,Weapon,1,8
2023-09-16,3957,Weapon,6,400
2023-07-02,7542,Weapon,5,25
2024-01-11,9970,Weapon,1,2500
2024-01-11,5648,Weapon,3,45
2024-01-11,7081,Weapon,1,135
2024-01-05,6347,Gear,3,8
2024-02-04,10063,Weapon,1,2337
2024-01-20,9416,Weapon,5,25
2024-01-15,5825,Weapon,1,27
2024-01-15,11417,Weapon,2,60
2024-01-31,565,Gear,1,36
2024-02-22,7679,Weapon,1,31000
2024-02-22,2657,Energy,2,400
2024-01-17,1981,Weapon,1,7
2024-03-21,11016,Weapon,1,500
2024-01-04,3413,Weapon,4,51
2024-01-19,5006,Boosts,1,7154
2024-01-22,1566,Weapon,6,38
2024-01-27,3008,Gear,2,7
2023-12-21,6127,Weapon,2,40
2024-01-30,11584,Weapon,2,66
2024-01-06,5648,Weapon,5,25
2024-01-06,3610,Weapon,1,65
2023-12-28,5238,Weapon,5,24
2023-11-27,6930,Energy,2,1400
2024-01-02,15120,Weapon,1,25
2024-01-28,8955,Boosts,1,37
2024-01-28,11634,Boosts,1,49
2024-01-07,3324,Weapon,1,28
2024-02-24,1660,Boosts,1,147
2024-01-14,13663,Energy,1,500
2023-10-31,3042,Weapon,2,25
2023-10-04,13400,Weapon,1,5
2024-02-27,3748,Weapon,2,44
2023-08-17,4503,Weapon,2,120
2023-08-17,6930,Boosts,1,3143
2024-01-24,1208,Weapon,1,40
2023-04-13,7622,Energy,3,300
2023-07-23,6930,Energy,4,2800
2024-01-25,7542,Weapon,1,6
2024-02-19,4020,Weapon,1,28
2024-01-10,7950,Weapon,1,5
2024-01-12,10992,Weapon,1,65
2023-12-09,1511,Weapon,2,30
2024-04-01,3413,Energy,1,100
2024-01-09,8955,Weapon,7,86
2023-07-11,7672,Weapon,1,5
2024-01-15,2907,Weapon,1,75
2024-03-01,3401,Boosts,1,3430
2023-11-23,3042,Weapon,1,19
2023-10-27,6551,Gear,1,33
2024-03-15,1660,Boosts,1,147
2024-01-29,55,Gear,1,16
2023-12-31,2145,Boosts,1,49
2024-01-22,3543,Weapon,7,156
2024-01-27,11189,Energy,1,200
2024-02-03,6953,Weapon,1,8
2024-03-23,9692,Weapon,1,1161
2023-11-17,1009,Gear,1,17500
2024-02-17,10890,Gear,3,1012
2024-02-17,14393,Boosts,1,147
2024-01-02,2193,Weapon,1,12
2023-11-18,6930,Energy,3,2100
2024-01-14,9692,Weapon,1,270
2024-02-25,2145,Energy,1,100
2024-01-23,1786,Gear,5,144
2024-02-10,2564,Boosts,1,7562
2024-02-10,10836,Weapon,2,1484
2024-01-24,247,Weapon,4,2688
2024-01-24,3401,Weapon,1,2380
2023-05-26,6930,Boosts,1,3143
2024-01-11,574,Boosts,1,49
2024-02-04,9692,Boosts,1,135
2023-06-17,6930,Energy,6,4200
2023-12-27,10814,Energy,1,1400
2023-04-16,8691,Energy,3,8100
2024-01-25,11611,Weapon,1,150
2024-02-09,4503,Weapon,1,6000
2024-02-09,98,Weapon,1,56
2024-02-09,3748,Weapon,1,12
2024-01-10,4465,Weapon,5,125
2024-02-02,9595,Weapon,1,13
2024-03-09,9692,Energy,1,2700
2024-01-15,497,Weapon,2,30
2024-01-15,15254,Weapon,5,224
2024-01-31,4942,Gear,1,20
2024-02-11,3748,Weapon,1,20
2024-02-07,1660,Weapon,1,42
2023-07-18,6930,Energy,2,1400
2024-03-19,4387,Gear,1,56665
2023-06-10,4680,Weapon,1,25
2024-01-16,3923,Weapon,1,5
2024-01-16,2899,Weapon,2,20
2023-12-26,3744,Energy,1,300
2024-01-04,3406,Weapon,1,50
2024-01-13,9645,Weapon,2,46
2024-01-18,11544,Boosts,1,13333
2024-02-01,5862,Weapon,1,16
2024-03-10,6423,Weapon,1,27000
2024-01-03,1580,Weapon,1,377
2024-01-22,3044,Weapon,1,1
2024-01-26,5388,Weapon,1,112
2023-09-29,3701,Gear,1,5
2024-01-27,11584,Weapon,1,18
2023-10-14,263,Weapon,2,25
2024-02-03,1994,Boosts,1,98
2024-02-17,5006,Weapon,2,28324
2023-07-06,4430,Boosts,1,158
2023-05-19,6930,Weapon,1,66710
2023-05-19,6930,Gear,3,104685
2024-01-14,5444,Weapon,1,77
2024-04-05,1994,Boosts,2,196
2024-01-21,8691,Energy,1,2700
2024-01-21,2986,Weapon,1,60
2024-01-23,12505,Weapon,2,35
2024-01-23,8732,Weapon,4,481
2024-01-23,3944,Weapon,1,24
2024-03-27,19409,Weapon,1,31000
2024-02-04,5405,Weapon,1,11
2024-02-08,4355,Energy,1,1200
2024-04-01,1660,Boosts,1,147
2024-01-20,3047,Weapon,1,15
2024-01-31,9692,Energy,1,2700
2024-02-06,161,Weapon,1,9
2024-02-22,6930,Energy,1,700
2024-03-01,9692,Energy,1,2700
2024-01-17,8731,Weapon,5,61
2023-06-29,6930,Energy,3,2100
2023-11-29,8359,Weapon,4,32
2024-01-04,5848,Weapon,4,60
2024-01-13,5187,Weapon,2,10
2024-01-19,2290,Weapon,2,10
2024-01-29,10175,Weapon,1,12
2023-12-31,15878,Weapon,2,28
2024-02-01,4848,Weapon,1,46
2024-01-22,3638,Boosts,1,98
2024-01-27,6930,Weapon,1,85400
2024-01-01,1877,Weapon,4,116
2024-02-03,1981,Weapon,4,25
2024-01-02,5729,Weapon,3,41
2024-01-08,2773,Boosts,1,196
2024-03-18,14313,Boosts,2,2178
2023-08-15,6930,Weapon,1,78680
2023-11-21,6930,Gear,2,28574
2024-03-25,1660,Boosts,1,147
2024-01-11,111,Weapon,2,30
2024-01-11,1735,Weapon,3,24
2024-01-11,11383,Weapon,1,40500
2023-07-16,6930,Energy,2,1400
2024-01-12,5623,Weapon,3,1104
2024-02-21,1660,Boosts,1,147
2023-05-29,9119,Gear,1,276710
2024-03-09,9692,Weapon,1,1701
2024-04-09,3413,Weapon,1,3
2024-02-06,6536,Weapon,1,10
2023-06-30,6602,Weapon,2,70
2024-01-17,3748,Weapon,2,64
2024-02-18,5797,Weapon,3,29
2024-03-15,1924,Boosts,1,196
2024-01-04,9784,Boosts,1,196
2024-01-04,9645,Weapon,2,25
2024-01-13,4945,Weapon,2,374
2024-01-13,1419,Weapon,1,8
2024-01-18,82,Weapon,8,96
2024-01-03,10814,Energy,1,1400
2024-01-27,7419,Weapon,1,56
2024-01-30,3957,Energy,1,1000
2024-01-06,3413,Gear,1,2
2024-01-28,13187,Energy,1,200
2024-01-28,2461,Weapon,3,330
2024-01-14,554,Boosts,1,49
