,user_id,platform,activity_date,acquisition_date
0,19,ios,2024-01-14,2024-01-14
3,22,android,2024-03-01,2024-01-16
4,59,android,2024-01-24,2024-01-24
6,78,android,2024-02-08,2024-01-17
7,82,android,2024-01-27,2024-01-20
8,88,ios,2024-01-22,2024-01-22
9,100,android,2024-01-06,2024-01-06
10,105,android,2024-01-30,2024-01-30
29,116,android,2024-02-29,2024-01-24
30,128,ios,2024-01-06,2024-01-06
31,145,ios,2024-01-22,2024-01-18
32,154,android,2024-01-31,2024-01-31
34,156,android,2024-02-10,2024-01-16
69,158,android,2024-03-01,2024-01-22
70,171,android,2024-01-27,2024-01-25
75,172,android,2024-01-15,2024-01-11
76,194,ios,2024-01-12,2024-01-11
90,197,ios,2024-02-29,2024-01-11
128,198,android,2024-02-29,2024-01-16
130,204,android,2024-01-13,2024-01-06
131,213,android,2024-01-03,2024-01-03
133,229,android,2024-02-12,2024-01-25
137,236,android,2024-01-31,2024-01-02
138,243,android,2024-01-04,2024-01-04
139,254,android,2024-01-30,2024-01-30
141,296,android,2024-01-08,2024-01-07
142,324,android,2024-01-15,2024-01-15
145,341,ios,2024-01-29,2024-01-13
146,358,android,2024-01-05,2024-01-05
147,361,android,2024-01-08,2024-01-06
149,363,android,2024-01-26,2024-01-25
151,371,ios,2024-01-26,2024-01-18
153,376,android,2024-02-21,2024-01-30
155,444,android,2024-02-03,2024-01-29
157,448,android,2024-01-21,2024-01-20
160,496,android,2024-01-31,2024-01-18
163,550,android,2024-02-07,2024-01-14
167,561,android,2024-01-18,2024-01-14
170,566,android,2024-01-14,2024-01-06
171,583,android,2024-01-17,2024-01-10
175,587,android,2024-01-27,2024-01-20
198,589,android,2024-03-01,2024-01-30
199,628,android,2024-01-27,2024-01-06
209,634,android,2024-03-01,2024-01-23
210,642,android,2024-01-09,2024-01-09
215,675,android,2024-01-30,2024-01-12
216,702,ios,2024-01-18,2024-01-18
217,734,android,2024-01-10,2024-01-10
218,767,android,2024-01-30,2024-01-30
228,772,android,2024-02-19,2024-01-17
229,782,android,2024-01-06,2024-01-06
230,790,android,2024-01-05,2024-01-05
231,803,android,2024-01-06,2024-01-06
233,806,android,2024-02-26,2024-01-23
254,819,android,2024-03-01,2024-01-25
255,821,android,2024-01-14,2024-01-13
256,857,android,2024-01-27,2024-01-26
265,860,android,2024-02-23,2024-01-16
266,861,android,2024-01-30,2024-01-27
280,867,android,2024-02-22,2024-01-12
281,881,ios,2024-01-19,2024-01-18
282,893,android,2024-01-22,2024-01-22
297,902,android,2024-03-01,2024-01-02
306,905,android,2024-01-20,2024-01-02
310,926,android,2024-03-01,2024-01-11
311,932,android,2024-01-28,2024-01-28
312,969,android,2024-01-04,2024-01-04
313,970,ios,2024-01-21,2024-01-20
314,975,,2024-01-28,2024-01-28
318,1013,android,2024-02-17,2024-01-06
319,1034,ios,2024-01-09,2024-01-09
333,1057,android,2024-02-11,2024-01-04
334,1058,android,2024-01-27,2024-01-27
336,1064,ios,2024-01-30,2024-01-16
337,1079,android,2024-01-12,2024-01-12
338,1111,android,2024-01-14,2024-01-14
340,1119,android,2024-01-10,2024-01-08
341,1181,android,2024-01-18,2024-01-11
345,1197,android,2024-02-18,2024-01-18
346,1224,android,2024-01-14,2024-01-14
356,1225,android,2024-02-24,2024-01-07
357,1228,android,2024-01-25,2024-01-23
358,1254,android,2024-01-19,2024-01-19
359,1264,android,2024-01-18,2024-01-18
360,1273,android,2024-01-31,2024-01-28
363,1275,android,2024-01-22,2024-01-10
364,1285,android,2024-01-17,2024-01-17
365,1291,android,2024-02-06,2024-01-30
366,1350,android,2024-01-10,2024-01-10
370,1351,android,2024-01-21,2024-01-09
371,1374,android,2024-01-25,2024-01-23
376,1404,android,2024-02-10,2024-01-24
378,1409,android,2024-01-24,2024-01-02
379,1426,android,2024-01-13,2024-01-10
380,1428,android,2024-01-17,2024-01-13
384,1442,ios,2024-01-14,2024-01-05
386,1469,android,2024-01-24,2024-01-02
387,1473,android,2024-01-17,2024-01-17
390,1505,android,2024-01-16,2024-01-13
393,1513,android,2024-02-01,2024-01-28
394,1536,ios,2024-01-31,2024-01-29
395,1557,android,2024-01-17,2024-01-09
401,1566,android,2024-02-09,2024-01-31
406,1580,android,2024-01-30,2024-01-02
407,1587,android,2024-01-03,2024-01-03
408,1601,android,2024-01-08,2024-01-08
423,1614,android,2024-02-09,2024-01-01
426,1623,android,2024-01-16,2024-01-09
427,1645,android,2024-02-02,2024-01-30
431,1647,android,2024-02-26,2024-01-12
432,1677,android,2024-02-02,2024-01-27
434,1682,android,2024-02-04,2024-01-25
436,1685,ios,2024-01-16,2024-01-09
437,1699,android,2024-01-11,2024-01-08
448,1709,ios,2024-03-01,2024-01-19
460,1745,android,2024-02-27,2024-01-11
461,1762,android,2024-01-10,2024-01-10
468,1771,android,2024-02-29,2024-01-21
470,1782,android,2024-02-05,2024-01-17
479,1821,ios,2024-02-24,2024-01-11
480,1825,android,2024-02-22,2024-01-19
483,1836,ios,2024-01-16,2024-01-06
529,1855,android,2024-03-01,2024-01-14
532,1874,android,2024-02-23,2024-01-31
534,1881,android,2024-02-18,2024-01-21
543,1885,android,2024-02-23,2024-01-17
600,1907,android,2024-03-01,2024-01-01
601,1954,ios,2024-01-02,2024-01-02
605,2002,android,2024-02-06,2024-01-23
606,2012,android,2024-02-13,2024-01-20
621,2017,android,2024-03-01,2024-01-31
624,2058,android,2024-02-19,2024-01-15
634,2059,android,2024-02-27,2024-01-27
640,2089,ios,2024-03-01,2024-01-06
641,2101,android,2024-01-16,2024-01-16
648,2123,android,2024-02-17,2024-01-27
649,2127,android,2024-01-13,2024-01-12
650,2145,android,2024-01-24,2024-01-24
651,2154,ios,2024-01-13,2024-01-13
652,2162,android,2024-01-11,2024-01-11
679,2192,android,2024-03-01,2024-01-24
680,2270,android,2024-01-22,2024-01-21
683,2276,android,2024-02-15,2024-01-15
684,2282,android,2024-01-05,2024-01-04
685,2308,android,2024-01-24,2024-01-22
691,2333,android,2024-02-03,2024-01-15
693,2337,android,2024-01-25,2024-01-24
694,2363,android,2024-02-03,2024-01-21
695,2365,android,2024-01-11,2024-01-11
699,2372,android,2024-02-15,2024-01-25
703,2380,android,2024-02-16,2024-01-29
704,2387,android,2024-01-21,2024-01-21
706,2435,android,2024-01-15,2024-01-14
707,2447,android,2024-01-22,2024-01-22
708,2449,android,2024-01-13,2024-01-13
709,2467,android,2024-01-01,2024-01-01
710,2471,ios,2024-02-10,2024-01-15
712,2472,ios,2024-02-08,2024-01-31
715,2477,android,2024-01-21,2024-01-18
718,2506,ios,2024-02-16,2024-01-29
719,2573,ios,2024-01-20,2024-01-20
720,2587,android,2024-01-03,2024-01-01
721,2596,ios,2024-01-05,2024-01-05
758,2614,android,2024-02-26,2024-01-01
760,2653,android,2024-01-28,2024-01-16
761,2660,android,2024-01-15,2024-01-15
762,2665,android,2024-01-08,2024-01-07
765,2673,android,2024-01-27,2024-01-24
766,2684,android,2024-01-17,2024-01-17
791,2692,android,2024-02-28,2024-01-03
792,2728,android,2024-02-10,2024-01-31
793,2748,ios,2024-01-17,2024-01-17
794,2770,android,2024-01-09,2024-01-08
795,2781,android,2024-01-04,2024-01-04
801,2788,android,2024-01-30,2024-01-04
802,2790,android,2024-01-20,2024-01-03
803,2803,android,2024-01-12,2024-01-12
804,2836,android,2024-01-14,2024-01-14
805,2852,android,2024-02-16,2024-01-16
806,2858,android,2024-01-27,2024-01-24
822,2896,android,2024-03-01,2024-01-01
867,2912,ios,2024-03-01,2024-01-17
868,2929,android,2024-01-29,2024-01-29
881,3002,ios,2024-02-27,2024-01-08
882,3003,android,2024-01-10,2024-01-10
904,3008,android,2024-02-29,2024-01-26
909,3011,android,2024-02-25,2024-01-17
911,3014,android,2024-02-09,2024-01-28
921,3038,android,2024-02-18,2024-01-23
933,3039,android,2024-02-16,2024-01-06
934,3046,android,2024-02-02,2024-01-26
935,3064,android,2024-01-24,2024-01-21
936,3113,android,2024-01-30,2024-01-29
942,3121,android,2024-02-29,2024-01-21
943,3141,android,2024-01-23,2024-01-23
944,3146,android,2024-01-21,2024-01-21
950,3155,android,2024-01-28,2024-01-16
951,3156,android,2024-01-06,2024-01-06
956,3172,android,2024-02-26,2024-01-03
984,3178,ios,2024-02-27,2024-01-08
986,3193,android,2024-01-24,2024-01-22
1000,3213,android,2024-02-10,2024-01-01
1004,3214,android,2024-02-26,2024-01-10
1005,3218,android,2024-01-22,2024-01-22
1007,3239,android,2024-01-31,2024-01-26
1020,3244,android,2024-02-11,2024-01-18
1021,3266,android,2024-02-05,2024-01-21
1022,3283,android,2024-01-15,2024-01-15
1030,3288,android,2024-02-24,2024-01-23
1041,3289,android,2024-02-24,2024-01-29
1042,3296,android,2024-01-16,2024-01-16
1043,3306,android,2024-01-29,2024-01-29
1044,3325,android,2024-01-14,2024-01-14
1045,3328,android,2024-02-02,2024-01-27
1051,3350,ios,2024-02-29,2024-01-10
1052,3361,android,2024-01-17,2024-01-14
1054,3375,ios,2024-01-20,2024-01-17
1061,3446,android,2024-01-18,2024-01-02
1062,3479,ios,2024-01-23,2024-01-23
1064,3481,android,2024-01-28,2024-01-25
1067,3517,android,2024-01-14,2024-01-04
1071,3537,android,2024-02-01,2024-01-18
1073,3540,android,2024-01-04,2024-01-02
1074,3547,ios,2024-01-30,2024-01-30
1075,3556,android,2024-01-18,2024-01-18
1081,3569,android,2024-02-17,2024-01-17
1083,3590,android,2024-01-20,2024-01-07
1084,3622,android,2024-01-19,2024-01-17
1085,3625,android,2024-02-28,2024-01-20
1087,3629,android,2024-02-07,2024-01-20
1098,3636,android,2024-02-08,2024-01-07
1100,3646,android,2024-02-20,2024-01-04
1101,3659,android,2024-01-30,2024-01-30
1106,3663,ios,2024-01-22,2024-01-13
1109,3670,android,2024-02-17,2024-01-21
1154,3684,ios,2024-03-01,2024-01-08
1155,3716,android,2024-01-02,2024-01-01
1160,3735,android,2024-02-29,2024-01-28
1161,3742,android,2024-01-23,2024-01-05
1162,3746,android,2024-01-25,2024-01-25
1163,3773,android,2024-01-25,2024-01-19
1171,3792,android,2024-02-28,2024-01-05
1173,3795,android,2024-01-08,2024-01-02
1205,3877,android,2024-03-01,2024-01-02
1207,3882,android,2024-02-06,2024-01-31
1210,3886,android,2024-01-22,2024-01-20
1229,3887,android,2024-02-21,2024-01-24
1240,3892,android,2024-01-30,2024-01-05
1241,3904,android,2024-01-06,2024-01-01
1244,3905,android,2024-01-31,2024-01-08
1245,3906,android,2024-01-23,2024-01-23
1246,3924,android,2024-01-16,2024-01-16
1247,3927,android,2024-01-30,2024-01-30
1257,3937,android,2024-02-15,2024-01-20
1259,3951,android,2024-01-07,2024-01-01
1260,3952,android,2024-01-30,2024-01-30
1262,3980,android,2024-01-08,2024-01-06
1270,3996,android,2024-02-06,2024-01-20
1271,4022,android,2024-01-21,2024-01-21
1272,4031,android,2024-01-10,2024-01-10
1273,4036,android,2024-02-05,2024-01-29
1274,4093,android,2024-03-01,2024-01-24
1275,4097,android,2024-01-15,2024-01-10
1284,4111,android,2024-02-11,2024-01-18
1285,4141,ios,2024-01-20,2024-01-20
1288,4151,android,2024-01-17,2024-01-15
1301,4153,android,2024-02-27,2024-01-26
1302,4172,android,2024-01-21,2024-01-21
1303,4185,ios,2024-02-22,2024-01-31
1337,4188,android,2024-03-01,2024-01-24
1338,4194,android,2024-01-23,2024-01-23
1340,4208,android,2024-02-08,2024-01-31
1351,4226,android,2024-02-18,2024-01-04
1374,4235,ios,2024-03-01,2024-01-21
1377,4240,android,2024-01-16,2024-01-11
1386,4254,android,2024-02-29,2024-01-10
1391,4270,android,2024-02-12,2024-01-18
1392,4280,android,2024-01-14,2024-01-09
1393,4319,android,2024-01-01,2024-01-01
1402,4323,ios,2024-02-20,2024-01-16
1414,4328,android,2024-02-12,2024-01-09
1419,4343,ios,2024-02-27,2024-01-24
1421,4347,android,2024-02-23,2024-01-08
1423,4359,android,2024-01-23,2024-01-17
1427,4368,ios,2024-01-27,2024-01-22
1470,4379,android,2024-03-01,2024-01-09
1472,4383,android,2024-01-02,2024-01-01
1480,4408,android,2024-02-18,2024-01-25
1487,4419,android,2024-02-05,2024-01-23
1489,4427,android,2024-02-05,2024-01-31
1490,4462,android,2024-02-11,2024-01-31
1491,4470,android,2024-01-30,2024-01-30
1492,4485,android,2024-01-10,2024-01-10
1494,4487,android,2024-01-30,2024-01-19
1498,4488,ios,2024-01-21,2024-01-01
1499,4503,android,2024-01-30,2024-01-30
1517,4511,android,2024-02-03,2024-01-12
1518,4528,ios,2024-01-15,2024-01-13
1519,4558,android,2024-01-14,2024-01-14
1538,4561,android,2024-03-01,2024-01-02
1539,4587,android,2024-01-20,2024-01-20
1541,4597,android,2024-02-03,2024-01-26
1542,4599,android,2024-01-03,2024-01-03
1546,4608,android,2024-02-08,2024-01-08
1548,4617,android,2024-01-27,2024-01-22
1549,4629,android,2024-01-29,2024-01-29
1551,4644,android,2024-01-30,2024-01-26
1552,4649,android,2024-01-17,2024-01-15
1553,4669,android,2024-02-25,2024-01-15
1555,4720,android,2024-01-30,2024-01-15
1581,4722,android,2024-03-01,2024-01-21
1583,4734,ios,2024-02-21,2024-01-07
1586,4758,android,2024-01-14,2024-01-12
1587,4781,ios,2024-01-23,2024-01-15
1588,4799,android,2024-01-17,2024-01-12
1591,4805,android,2024-02-09,2024-01-02
1610,4808,ios,2024-03-01,2024-01-22
1613,4827,android,2024-02-05,2024-01-14
1614,4835,ios,2024-01-24,2024-01-24
1620,4851,android,2024-03-01,2024-01-20
1622,4871,android,2024-02-04,2024-01-10
1627,4904,android,2024-02-23,2024-01-13
1637,4905,android,2024-02-28,2024-01-04
1639,4906,android,2024-01-12,2024-01-08
1640,4908,android,2024-01-31,2024-01-31
1650,4935,android,2024-02-24,2024-01-11
1655,5009,android,2024-02-21,2024-01-22
1656,5013,android,2024-01-28,2024-01-13
1657,5067,android,2024-01-08,2024-01-08
1674,5083,android,2024-02-29,2024-01-01
1675,5093,ios,2024-01-15,2024-01-15
1683,5098,ios,2024-02-29,2024-01-20
1704,5110,android,2024-03-01,2024-01-10
1706,5111,android,2024-01-13,2024-01-09
1708,5117,android,2024-02-17,2024-01-31
1712,5118,android,2024-02-22,2024-01-24
1714,5129,android,2024-01-16,2024-01-11
1715,5130,android,2024-01-09,2024-01-09
1716,5145,android,2024-01-27,2024-01-27
1717,5165,android,2024-01-21,2024-01-18
1743,5169,android,2024-02-28,2024-01-19
1744,5179,android,2024-01-02,2024-01-02
1750,5209,android,2024-02-18,2024-01-29
1787,5213,android,2024-02-18,2024-01-10
1788,5239,android,2024-01-11,2024-01-11
1795,5252,android,2024-02-27,2024-01-16
1797,5260,android,2024-01-12,2024-01-06
1798,5261,android,2024-01-10,2024-01-10
1803,5321,android,2024-01-21,2024-01-06
1806,5350,android,2024-02-28,2024-01-19
1809,5368,android,2024-02-08,2024-01-18
1810,5370,android,2024-01-11,2024-01-11
1815,5377,ios,2024-02-09,2024-01-16
1816,5386,android,2024-01-03,2024-01-03
1817,5405,android,2024-01-21,2024-01-20
1819,5422,android,2024-01-18,2024-01-08
1832,5445,android,2024-03-01,2024-01-11
1847,5482,android,2024-02-28,2024-01-29
1848,5527,ios,2024-01-07,2024-01-07
1849,5528,android,2024-02-23,2024-01-25
1857,5606,ios,2024-02-03,2024-01-12
1858,5611,android,2024-01-01,2024-01-01
1874,5622,android,2024-02-28,2024-01-19
1875,5623,android,2024-01-20,2024-01-20
1876,5629,ios,2024-01-17,2024-01-16
1877,5664,android,2024-02-09,2024-01-23
1891,5665,android,2024-02-25,2024-01-13
1893,5675,android,2024-01-17,2024-01-02
1900,5686,android,2024-01-18,2024-01-09
1903,5688,android,2024-01-11,2024-01-06
1931,5690,android,2024-02-29,2024-01-17
1949,5692,android,2024-02-05,2024-01-09
1953,5694,android,2024-01-18,2024-01-05
1954,5695,android,2024-01-15,2024-01-15
1956,5704,android,2024-01-05,2024-01-04
1957,5714,android,2024-02-21,2024-01-05
1960,5735,ios,2024-01-25,2024-01-04
1986,5747,android,2024-03-01,2024-01-14
1987,5755,android,2024-01-11,2024-01-03
1988,5775,ios,2024-01-10,2024-01-09
1989,5790,android,2024-01-28,2024-01-28
1993,5806,ios,2024-01-29,2024-01-17
2012,5842,android,2024-02-25,2024-01-13
2020,5869,android,2024-02-01,2024-01-10
2029,5912,android,2024-02-07,2024-01-19
2033,5921,android,2024-01-31,2024-01-27
2034,5924,android,2024-01-16,2024-01-16
2035,5949,android,2024-01-23,2024-01-23
2059,5953,android,2024-03-01,2024-01-21
2062,5957,android,2024-01-13,2024-01-06
2064,5964,android,2024-02-13,2024-01-24
2065,5969,android,2024-01-27,2024-01-27
2074,5971,android,2024-02-28,2024-01-23
2075,5972,android,2024-01-23,2024-01-22
2077,5981,android,2024-02-01,2024-01-05
2079,5993,android,2024-01-14,2024-01-13
2080,6007,android,2024-01-03,2024-01-03
2092,6014,android,2024-02-29,2024-01-28
2095,6015,android,2024-02-02,2024-01-15
2096,6020,android,2024-01-08,2024-01-08
2101,6026,android,2024-01-16,2024-01-11
2103,6029,android,2024-02-10,2024-01-29
2110,6071,android,2024-02-12,2024-01-01
2116,6084,android,2024-02-06,2024-01-26
2117,6097,android,2024-01-02,2024-01-02
2120,6125,android,2024-01-16,2024-01-14
2122,6142,android,2024-02-20,2024-01-28
2126,6149,android,2024-02-11,2024-01-24
2127,6179,android,2024-01-29,2024-01-29
2128,6219,android,2024-01-22,2024-01-22
2129,6255,android,2024-01-29,2024-01-29
2130,6275,android,2024-01-20,2024-01-20
2131,6278,android,2024-01-09,2024-01-08
2133,6281,android,2024-02-26,2024-01-07
2134,6309,ios,2024-01-30,2024-01-30
2135,6317,android,2024-01-18,2024-01-18
2136,6318,android,2024-01-25,2024-01-25
2137,6332,ios,2024-01-22,2024-01-22
2140,6334,android,2024-01-20,2024-01-02
2141,6343,android,2024-01-26,2024-01-08
2149,6366,android,2024-02-24,2024-01-27
2150,6371,android,2024-01-23,2024-01-23
2151,6378,android,2024-01-30,2024-01-30
2152,6474,android,2024-01-23,2024-01-09
2153,6494,ios,2024-01-20,2024-01-20
2155,6518,android,2024-02-11,2024-01-21
2156,6526,android,2024-01-07,2024-01-05
2160,6527,android,2024-01-25,2024-01-21
2161,6553,android,2024-01-31,2024-01-31
2163,6558,android,2024-01-29,2024-01-02
2177,6577,android,2024-02-18,2024-01-03
2178,6599,android,2024-01-06,2024-01-03
2179,6600,android,2024-02-25,2024-01-03
2180,6645,android,2024-01-17,2024-01-17
2187,6665,android,2024-02-09,2024-01-30
2188,6669,android,2024-01-15,2024-01-15
2189,6670,android,2024-01-26,2024-01-26
2190,6692,android,2024-01-18,2024-01-18
2210,6706,android,2024-03-01,2024-01-25
2211,6764,android,2024-01-06,2024-01-06
2212,6781,android,2024-01-30,2024-01-30
2213,6915,android,2024-01-27,2024-01-02
2232,6935,ios,2024-02-22,2024-01-27
2233,6942,android,2024-01-27,2024-01-27
2237,6968,android,2024-02-07,2024-01-28
2238,6984,android,2024-01-09,2024-01-02
2239,6985,android,2024-01-26,2024-01-26
2240,7008,android,2024-01-18,2024-01-17
2244,7028,android,2024-01-19,2024-01-06
2252,7034,android,2024-02-12,2024-01-28
2255,7066,ios,2024-02-09,2024-01-21
2260,7090,android,2024-02-10,2024-01-30
2267,7115,android,2024-01-28,2024-01-09
2268,7128,android,2024-02-01,2024-01-30
2269,7129,ios,2024-01-18,2024-01-18
2270,7139,android,2024-02-08,2024-01-17
2276,7140,android,2024-02-25,2024-01-19
2280,7229,android,2024-02-25,2024-01-15
2281,7233,android,2024-01-04,2024-01-04
2293,7301,android,2024-02-29,2024-01-29
2304,7337,android,2024-02-01,2024-01-19
2306,7357,android,2024-02-01,2024-01-11
2308,7474,ios,2024-01-14,2024-01-10
2309,7488,android,2024-01-29,2024-01-12
2310,7501,android,2024-01-04,2024-01-03
2311,7512,android,2024-01-29,2024-01-22
2327,7513,android,2024-02-15,2024-01-30
2331,7541,android,2024-02-27,2024-01-15
2333,7555,android,2024-01-17,2024-01-14
2339,7556,android,2024-01-27,2024-01-01
2341,7567,android,2024-01-28,2024-01-27
2345,7582,ios,2024-01-18,2024-01-03
2346,7603,android,2024-01-25,2024-01-24
2348,7617,android,2024-01-14,2024-01-03
2352,7638,android,2024-01-17,2024-01-09
2355,7639,android,2024-02-28,2024-01-08
2356,7670,ios,2024-01-01,2024-01-01
2366,7677,android,2024-02-06,2024-01-04
2367,7694,android,2024-01-11,2024-01-11
2385,7696,android,2024-02-29,2024-01-18
2401,7741,android,2024-02-05,2024-01-11
2402,7857,android,2024-01-16,2024-01-15
2407,7863,android,2024-02-24,2024-01-07
2409,7868,android,2024-01-08,2024-01-05
2411,7917,android,2024-02-26,2024-01-29
2414,7934,android,2024-01-31,2024-01-03
2429,7950,android,2024-03-01,2024-01-29
2431,7961,android,2024-02-03,2024-01-12
2452,7967,android,2024-02-05,2024-01-12
2456,8022,android,2024-02-12,2024-01-30
2457,8026,android,2024-01-28,2024-01-28
2475,8039,android,2024-02-26,2024-01-05
2482,8061,android,2024-02-25,2024-01-30
2483,8071,android,2024-01-20,2024-01-20
2484,8078,android,2024-01-12,2024-01-11
2485,8080,ios,2024-01-01,2024-01-01
2486,8095,android,2024-01-20,2024-01-20
2505,8097,android,2024-02-16,2024-01-14
2506,8132,android,2024-01-10,2024-01-10
2508,8146,ios,2024-02-01,2024-01-19
2517,8156,android,2024-02-18,2024-01-19
2518,8231,android,2024-02-01,2024-01-30
2538,8288,android,2024-02-29,2024-01-06
2541,8289,android,2024-01-27,2024-01-16
2542,8290,android,2024-01-13,2024-01-13
2547,8327,android,2024-02-18,2024-01-02
2548,8367,android,2024-01-21,2024-01-14
2562,8380,ios,2024-02-24,2024-01-17
2563,8432,android,2024-01-19,2024-01-19
2565,8445,android,2024-01-25,2024-01-24
2569,8451,android,2024-02-14,2024-01-06
2574,8455,android,2024-03-01,2024-01-16
2583,8463,android,2024-02-29,2024-01-30
2584,8481,android,2024-01-02,2024-01-02
2585,8509,android,2024-01-11,2024-01-08
2586,8592,android,2024-01-28,2024-01-28
2587,8610,android,2024-01-18,2024-01-18
2602,8653,android,2024-03-01,2024-01-04
2603,8666,android,2024-01-08,2024-01-08
2604,8676,android,2024-01-14,2024-01-14
2619,8710,android,2024-02-19,2024-01-06
2620,8712,android,2024-02-10,2024-01-29
2621,8756,android,2024-01-09,2024-01-09
2623,8759,ios,2024-02-11,2024-01-15
2625,8860,android,2024-02-03,2024-01-28
2626,8874,ios,2024-01-23,2024-01-19
2631,8949,android,2024-01-27,2024-01-11
2632,9021,android,2024-01-27,2024-01-27
2653,9034,android,2024-02-20,2024-01-10
2654,9037,android,2024-01-21,2024-01-21
2655,9042,android,2024-01-14,2024-01-14
2656,9057,android,2024-01-09,2024-01-08
2661,9071,android,2024-02-13,2024-01-19
2662,9075,android,2024-01-10,2024-01-06
2679,9099,android,2024-03-01,2024-01-17
2691,9114,android,2024-02-27,2024-01-02
2692,9131,ios,2024-01-21,2024-01-21
2694,9140,android,2024-02-20,2024-01-07
2728,9155,android,2024-02-29,2024-01-10
2732,9210,android,2024-01-23,2024-01-20
2735,9220,android,2024-01-08,2024-01-05
2736,9250,ios,2024-01-06,2024-01-06
2740,9281,android,2024-01-26,2024-01-05
2741,9355,android,2024-01-30,2024-01-30
2743,9382,android,2024-01-30,2024-01-27
2744,9392,android,2024-01-28,2024-01-24
2745,9411,android,2024-01-11,2024-01-10
2747,9415,android,2024-02-08,2024-01-21
2753,9433,android,2024-02-23,2024-01-30
2757,9436,android,2024-02-21,2024-01-13
2758,9489,android,2024-01-27,2024-01-27
2776,9539,android,2024-03-01,2024-01-17
2777,9543,android,2024-02-23,2024-01-05
2779,9634,android,2024-01-27,2024-01-03
2781,9655,android,2024-01-19,2024-01-15
2784,9667,android,2024-02-05,2024-01-30
2790,9697,android,2024-02-29,2024-01-30
2799,9700,android,2024-02-29,2024-01-13
2800,9734,android,2024-02-04,2024-01-27
2801,9765,android,2024-01-10,2024-01-09
2803,9778,android,2024-02-26,2024-01-16
2804,9809,android,2024-01-25,2024-01-25
2805,9906,android,2024-01-30,2024-01-28
2807,9909,android,2024-02-09,2024-01-21
2809,9939,android,2024-01-17,2024-01-07
2810,10043,android,2024-01-28,2024-01-16
2823,10044,android,2024-02-07,2024-01-12
2825,10048,android,2024-02-11,2024-01-28
2826,10054,android,2024-01-22,2024-01-22
2827,10056,android,2024-01-09,2024-01-09
2834,10060,android,2024-02-28,2024-01-30
2842,10069,android,2024-02-16,2024-01-05
2843,10110,android,2024-01-14,2024-01-10
2844,10130,android,2024-02-02,2024-01-08
2848,10195,android,2024-01-30,2024-01-17
2862,10232,android,2024-02-23,2024-01-21
2865,10238,android,2024-01-07,2024-01-04
2870,10252,ios,2024-02-06,2024-01-29
2872,10361,android,2024-02-12,2024-01-14
2889,10383,android,2024-03-01,2024-01-29
2891,10434,android,2024-02-26,2024-01-27
2901,10515,android,2024-02-28,2024-01-16
2903,10528,android,2024-01-07,2024-01-02
2904,10539,ios,2024-01-02,2024-01-01
2905,10563,android,2024-02-02,2024-01-22
2925,10568,android,2024-03-01,2024-01-28
2926,10641,android,2024-01-19,2024-01-19
2927,10648,android,2024-01-18,2024-01-18
2935,10666,android,2024-02-14,2024-01-23
2937,10695,android,2024-02-28,2024-01-23
2941,10720,android,2024-02-19,2024-01-20
2942,10721,android,2024-01-14,2024-01-14
2945,10736,android,2024-01-15,2024-01-13
2946,10872,android,2024-01-14,2024-01-13
2947,10875,android,2024-01-07,2024-01-07
2948,10926,android,2024-01-16,2024-01-04
2953,10957,android,2024-01-20,2024-01-02
2954,10960,android,2024-01-13,2024-01-13
2955,10987,android,2024-01-24,2024-01-17
2956,10992,android,2024-01-27,2024-01-27
2957,11142,ios,2024-01-19,2024-01-19
2960,11190,android,2024-01-27,2024-01-19
2962,11308,android,2024-02-29,2024-01-17
2964,11334,ios,2024-02-07,2024-01-31
2966,11356,android,2024-01-25,2024-01-17
2997,11362,android,2024-02-28,2024-01-14
3011,11377,ios,2024-02-27,2024-01-15
3012,11459,ios,2024-01-20,2024-01-19
3014,11460,android,2024-01-27,2024-01-07
3016,11465,android,2024-02-15,2024-01-23
3021,11491,android,2024-02-26,2024-01-22
3032,11543,android,2024-02-25,2024-01-08
3057,11547,android,2024-03-01,2024-01-16
3064,11558,android,2024-02-03,2024-01-21
3067,11584,android,2024-02-19,2024-01-28
3070,11754,android,2024-02-11,2024-01-30
3078,11772,android,2024-02-25,2024-01-25
3079,11773,android,2024-01-23,2024-01-23
3080,11774,ios,2024-02-01,2024-01-23
3084,11777,android,2024-01-29,2024-01-13
3085,11810,android,2024-01-05,2024-01-05
3092,11812,android,2024-02-16,2024-01-22
3093,11835,android,2024-02-04,2024-01-25
3094,11864,android,2024-01-29,2024-01-29
3097,11866,android,2024-01-20,2024-01-12
3098,11880,android,2024-02-17,2024-01-30
3101,11953,android,2024-02-03,2024-01-21
3103,11998,android,2024-01-23,2024-01-21
3105,12007,ios,2024-01-13,2024-01-10
3106,12083,android,2024-01-18,2024-01-12
3114,12099,ios,2024-03-01,2024-01-19
3115,12104,android,2024-01-13,2024-01-13
3117,12131,android,2024-02-01,2024-01-27
3120,12143,android,2024-02-20,2024-01-22
3122,12145,android,2024-02-12,2024-01-17
3123,12156,android,2024-02-01,2024-01-16
3124,12213,ios,2024-02-06,2024-01-26
3126,12228,android,2024-02-13,2024-01-22
3144,12242,android,2024-03-01,2024-01-19
3145,12259,android,2024-02-19,2024-01-04
3146,12268,android,2024-01-23,2024-01-22
3148,12318,android,2024-02-20,2024-01-28
3152,12321,android,2024-01-08,2024-01-01
3153,12351,android,2024-01-14,2024-01-14
3159,12375,android,2024-02-18,2024-01-05
3161,12443,ios,2024-01-13,2024-01-12
3162,12510,android,2024-01-10,2024-01-10
3165,12566,ios,2024-01-23,2024-01-09
3166,12585,android,2024-01-06,2024-01-06
3167,12655,android,2024-01-28,2024-01-28
3168,12671,ios,2024-01-02,2024-01-02
3170,12693,ios,2024-01-24,2024-01-12
3172,12705,android,2024-01-15,2024-01-14
3177,12739,android,2024-03-01,2024-01-29
3178,12799,android,2024-02-06,2024-01-18
3181,12825,ios,2024-02-04,2024-01-11
3183,12881,android,2024-02-17,2024-01-14
3189,12909,android,2024-02-27,2024-01-21
3191,12923,android,2024-01-22,2024-01-20
3192,12934,android,2024-01-30,2024-01-30
3202,13011,android,2024-02-24,2024-01-07
3207,13036,android,2024-02-25,2024-01-06
3211,13164,android,2024-01-24,2024-01-18
3213,13254,android,2024-01-27,2024-01-26
3215,13342,ios,2024-01-15,2024-01-11
3216,13603,ios,2024-02-22,2024-01-18
3219,13656,android,2024-02-09,2024-01-13
3222,13659,android,2024-01-04,2024-01-02
3223,13705,android,2024-01-17,2024-01-17
3224,13773,android,2024-01-31,2024-01-31
3240,13802,android,2024-03-01,2024-01-12
3241,13929,android,2024-01-28,2024-01-27
3242,14013,android,2024-01-09,2024-01-09
3244,14023,android,2024-01-15,2024-01-13
3245,14027,android,2024-01-16,2024-01-16
3246,14204,ios,2024-02-27,2024-01-30
3247,14350,android,2024-01-24,2024-01-24
3253,14384,android,2024-02-13,2024-01-13
3279,14392,android,2024-02-24,2024-01-05
3281,14399,android,2024-02-06,2024-01-20
3282,14420,android,2024-01-20,2024-01-20
3307,14505,ios,2024-02-29,2024-01-20
3308,14534,android,2024-02-20,2024-01-21
3309,14707,android,2024-01-15,2024-01-09
3313,14718,android,2024-01-31,2024-01-26
3339,14830,android,2024-03-01,2024-01-27
3340,15121,ios,2024-01-09,2024-01-08
3341,15174,android,2024-02-14,2024-01-24
3345,15212,android,2024-01-31,2024-01-13
3358,15335,android,2024-03-01,2024-01-16
3359,15630,android,2024-01-12,2024-01-12
3360,16188,android,2024-01-31,2024-01-30
3361,16436,ios,2024-01-12,2024-01-12
3363,16680,android,2024-01-15,2024-01-04
3365,17559,ios,2024-02-17,2024-01-19
